0012-1,Space Mini-Figures,1979,Space,21
0013-1,Space Mini-Figures,1979,Space,33
0014-1,Space Mini-Figures,1979,Space,32
0015-1,Space Mini-Figures,1979,Space,28
0016-1,Extra Large Tires & Hubs,1982,Technic,31
10018-1,Darth Maul,2001,Star Wars,1868
10023-1,Master Builder Set,2002,Bionicle,112
10042-1,American Flag,2003,Seasonal,35
10068-1,Santa Claus,2002,Seasonal,39
10069-1,Christmas Tree,2002,Seasonal,33
10070-1,Reindeer,2002,Seasonal,26
10071-1,Mr. Bunny,2003,Seasonal,25
10079-1,Snowman,2003,Seasonal,42
10080-1,Angel,2003,Seasonal,33
10090-1,Turkey,2003,Seasonal,54
10106-1,Snowflake,2006,Seasonal,107
10123-1,Cloud City,2003,Star Wars,707
10131-1,TIE Fighter Collection,2004,Star Wars,688
10144-1,Sandcrawler,2005,Star Wars,1679
10159-1,City Airport -City Logo Box,2004,City,639
10165-1,Elf Boy,2004,Seasonal,27
10166-1,Elf Girl,2004,Seasonal,31
10168-1,Mrs. Bunny,2005,Seasonal,64
10169-1,Chicken & Chicks,2005,Seasonal,60
10178-1,Motorized Walking AT-AT,2007,Star Wars,1137
10184-1,Town Plan,2008,Town,497
10195-1,Republic Dropship with AT-OT,2009,Star Wars,1757
10198-1,Tantive IV,2009,Star Wars,1408
10199-1,Winter Toy Shop,2009,Seasonal,815
10201-1,Takutanuva,2003,Bionicle,7
10202-1,Ultimate Dume (Limited Edition with Exclusive Mask Of Power),2004,Bionicle,8
10202-2,Ultimate Dume,2004,Bionicle,7
10203-1,Voporak,2005,Bionicle,8
10204-1,Vezon & Kardas,2006,Bionicle,8
10216-1,Winter Village Bakery,2010,Seasonal,686
10222-1,Winter Village Post Office,2011,Seasonal,821
10229-1,Winter Village Cottage,2012,Seasonal,1013
10235-1,Winter Village Market [Initial Release],2013,Seasonal,923
10236-1,Ewok Village,2013,Star Wars,1934
10241-1,Maersk Line Triple-E,2014,Model,823
10245-1,Santa's Workshop,2014,Seasonal,882
10249-1,Winter Toy Shop,2015,Seasonal,895
10253-1,Big Ben,2016,Model,839
10254-1,Winter Holiday Train,2016,Seasonal,737
1030-1,TECHNIC I: Simple Machines Set,1985,Technic,189
1031-1,Building Cards - 1030,1983,Educational,20
1032-1,TECHNIC II Set {4.5v},1985,Technic,278
1033-1,Building Cards - 1032,1985,Educational,20
1034-1,Teachers Resource Set,1985,Educational,1007
1038-1,ERBIE the Robo-Car,1985,Technic,120
1039-1,Manual Control Set 1,1986,Technic,39
1045-2,Educational LEGO Building Set,1976,Educational,683
1049-1,Ships - 247 elements and 1 poster,1985,Educational,238
10500-1,Horse Stable,2013,Duplo,44
10501-1,Zoo friends,2013,Duplo,5
10504-1,My First Circus,2013,Duplo,62
10505-1,Play House,2013,Duplo,83
10506-1,Train Accessory Set,2013,Duplo,24
10507-1,My First Train Set,2013,Duplo,52
10508-1,Deluxe Train Set,2013,Duplo,134
10509-1,Dusty and Chug,2013,Duplo,16
10510-1,Ripslinger's Air Race,2013,Duplo,40
10511-1,Skipper's Flight School,2013,Duplo,49
10512-1,Jake's Treasure Hunt,2013,Duplo,22
10513-1,Never Land Hideout,2013,Duplo,37
10514-1,Jake's Pirate Ship Bucky,2013,Duplo,56
10515-1,Ariel's Undersea Castle,2013,Duplo,39
10516-1,Ariel's Magical Boat Ride,2012,Duplo,29
10517-1,My First Garden,2013,Duplo,37
10518-1,My First Construction Site,2013,Duplo,47
10520-1,Big Front Loader,2013,Duplo,12
10521-1,Baby Calf,2014,Duplo,9
10522-1,Farm Animals,2014,Duplo,12
10524-1,Farm Tractor,2014,Duplo,29
10525-1,Big Farm,2014,Duplo,121
10526-1,Peter Pan's Visit,2014,Duplo,39
10527-1,Ambulance,2014,Duplo,14
10528-1,School Bus,2014,Duplo,26
10529-1,Truck,2014,Duplo,16
1053-1,Community Buildings,1984,Educational,895
10531-1,Mickey Mouse and Friends,2012,Duplo,65
10532-1,My First Police Set,2014,Duplo,39
10538-1,Fire and Rescue Team,2014,Duplo,30
10539-1,Beach Racing,2014,Duplo,36
10543-1,Superman Rescue,2014,Duplo,19
10544-1,The Joker Challenge,2014,Duplo,40
10545-1,Batcave Adventure,2014,Duplo,59
10546-1,My First Shop,2014,Duplo,39
10550-1,Circus Transport,2013,Duplo,9
10552-1,Creative Cars,2013,Duplo,42
10553-1,Toddler Build and Play Cubes,2013,Duplo,17
10554-1,Toddler Build and Pull Along,2013,Duplo,15
10555-1,Creative Bucket,2013,Duplo,65
10557-1,Giant Tower,2013,Duplo,200
10558-1,Number Train,2013,Duplo,31
1056-1,Basic School Pack - 773 elements with teacher's manual,1985,Educational,785
10561-1,Toddler Starter Building Set,2013,Duplo,37
10565-1,LEGO DUPLO Creative Suitcase,2014,Duplo,135
10566-1,Creative Picnic,2014,Duplo,52
10567-1,Toddler Build and Boat Fun,2014,Duplo,18
10568-1,Knight Tournament,2014,Duplo,16
10569-1,Treasure Attack,2014,Duplo,46
10570-1,LEGO DUPLO All-in-One-Gift-Set,2014,Duplo,30
10571-1,All-in-One-Pink-Box-of-Fun,2014,Duplo,65
10572-1,All-in-One-Box-of-Fun,2014,Duplo,65
10573-1,Creative Animals,2014,Duplo,25
10574-1,Creative Ice Cream,2014,Duplo,23
10575-1,Duplo Creative Building Cube,2014,Duplo,75
10576-1,Zoo Care,2014,Duplo,9
10577-1,Big Royal Castle,2014,Duplo,135
10579-1,Clubhouse Café,2014,Duplo,16
10580-1,Deluxe Box of Fun,2014,Duplo,95
10581-1,Forest: Ducks,2015,Duplo,13
10582-1,Forest: Animals,2015,Duplo,39
10583-1,Forest: Fishing Trip,2015,Duplo,30
10584-1,Forest: Park,2015,Duplo,102
10585-1,Mom and Baby,2015,Duplo,13
10586-1,Ice Cream Truck,2015,Duplo,11
10587-1,Café,2015,Duplo,51
10589-1,Rally Car,2015,Duplo,13
10590-1,Airport,2015,Duplo,29
10591-1,Fire Boat,2015,Duplo,19
10592-1,Fire Truck,2015,Duplo,26
10593-1,Fire Station,2015,Duplo,104
10594-1,Sofia the First Royal Stable,2015,Duplo,38
10595-1,Sofia the First Royal Castle,2015,Duplo,87
10596-1,Disney Princess Collection,2015,Duplo,63
10597-1,Mickey & Minnie Birthday Parade,2015,Duplo,24
10599-1,Batman Adventure,2015,Duplo,46
10600-1,Disney Pixar Cars Classic Race,2015,Duplo,29
1060-1,Road Plates and Signs,1981,Educational,30
10601-1,Delivery Vehicle,2015,Duplo,19
10602-1,Camping,2015,Duplo,37
10603-1,My First Bus,2015,Duplo,17
10604-1,Jake and the Never Land Pirates Treasure Island,2015,Duplo,25
10605-1,Doc McStuffins Rosie the Ambulance,2015,Duplo,16
10606-1,Doc McStuffins Backyard Clinic,2015,Duplo,39
10607-1,Spider-Man Web-Bike Workshop,2015,Duplo,13
10608-1,Spider-Man Spider Truck Adventure,2015,Duplo,28
1061-1,Single Disk Pack,2000,Technic,31
10615-1,My First Tractor,2015,Duplo,12
10616-1,My First Playhouse,2015,Duplo,25
10617-1,My First Farm,2015,Duplo,26
10618-1,LEGO DUPLO Creative Building Box,2015,Duplo,69
1062-1,{Town Vehicles},1980,Educational,158
10622-1,Large Creative Box,2015,Duplo,193
10623-1,Basic Bricks Large,2015,Duplo,1
1063-1,Community Workers,1985,Educational,169
1064-1,Dacta Buildings,1981,Educational,9
1065-1,House Accessories - 182 elements,1985,Educational,196
1066-1,36 Little People + Accessories,1982,Educational,174
1067-1,Community Vehicles,1988,Educational,251
1068-1,Air Patrol,1999,Town,20
1070-1,Stunt Flyer,1999,Town,20
1075-1,LEGO People Supplementary Set,1980,Educational,256
1076-1,Advent Calendar 1999,1999,Seasonal,228
1077-1,Supplementary Set,1976,Educational,170
10801-1,Baby Animals,2016,Duplo,13
10802-1,Savanna,2016,Duplo,15
10803-1,Arctic,2016,Duplo,32
10804-1,Jungle,2016,Duplo,86
10805-1,Around the World,2016,Duplo,148
10806-1,Horses,2016,Duplo,20
10808-1,Little Plane,2016,Duplo,13
10810-1,Push Train,2016,Duplo,46
10813-1,Big Construction Site,2016,Duplo,48
10814-1,Tow Truck Set,2016,Duplo,26
10818-1,My First Truck,2016,Duplo,29
10818-1,My First Truck,2016,Duplo,29
10824-1,Miles' Space Adventures,2017,Duplo,23
10825-1,Miles' Exo-Flex Suit,2016,Duplo,37
10827-1,Mickey and Friends Beach House,2016,Duplo,48
10829-1,Mickey's Workshop,2016,Duplo,18
10830-1,Minnie's Cafe,2016,Duplo,27
1083-1,Supplementary Pack,1986,Educational,106
10831-1,My First Caterpillar,2016,Duplo,19
10847-1,My First Number Train,2017,Duplo,19
10849-1,My First Plane,2017,Duplo,10
10852-1,My First Bird,2017,Duplo,7
1088-1,Road Burner,1999,Town,25
1089-1,Lego Basic Figures - 24 elements,1985,Educational,24
1090-1,TECHNIC Control I,1986,Technic,397
1092-1,TECHNIC Control II,1986,Technic,467
1097-1,Res-Q Runner,1999,Town,18
1098-1,Hang Glider,1998,Town,19
1103-2,DNA Student Set,2008,Educational,521
1127-1,Santa,1999,Seasonal,39
1128-1,Santa on Skis,1997,Seasonal,21
1129-2,Santa on Reindeer,1999,Seasonal,34
1149-1,Air Police,2002,Town,24
1168-1,Battery Box,1986,Technic,31
1177-1,Santa In Truck with Polar Bear,2000,Seasonal,26
1177-1,Santa In Truck with Polar Bear,2000,Seasonal,26
1180-1,Space Port Moon Buggy,1999,Town,25
1181-1,Space Port Spacecraft,1999,Town,23
1188-1,Fire Formula,1999,Town,38
1189-1,Rocket Boat,1999,Town,30
1190-1,Retro Buggy,1999,Town,90
11910-1,Micro-Scale Space Cruiser,2015,Space,102
1191-1,Try Bird,1999,Town,34
11912-1,LEGO Star Wars: Build Your Own Adventure,2016,Star Wars,73
1195-1,Alien Encounter,2001,Space,42
1237-1,Honda Promotional Set,2001,Model,55
1246-1,Helicopter,1999,Town,26
1247-1,Patrol Car,1999,Town,32
1248-1,Fire Boat,1999,Town,24
1249-1,Tri-motorbike,1999,City,17
1250-1,Dragster,1999,Town,24
1251-1,Go-Cart,1999,Town,25
1252-1,Shell Tanker,1999,Town,106
1253-1,Shell Car Transporter,1999,Town,101
1254-1,Shell Select Shop,1999,Town,164
1255-1,Shell Car Wash,1999,Town,136
1256-1,Shell Petrol Pump,1999,Town,156
1257-1,Trike Buggy,1999,Model,30
1258-1,Propellor Buggy,1999,Model,29
1259-1,Motorbike,1999,Model,28
1260-1,Car,1999,Model,26
1263-1,Easter Bunny,2000,Seasonal,29
1264-1,Easter Chicks,2000,Seasonal,29
1265-1,Moon Buggy,1999,Town,25
1266-1,Space Probe,1999,Town,23
1268-1,Bike Blaster,1999,Model,28
1272-1,Blue Racer,2000,Town,23
1273-1,Red Four Wheel Driver,2000,Town,20
1282-1,Blue Racer,2000,Town,23
1283-1,Red Four Wheel Driver,2000,Town,20
1284-1,Green Buggy,2000,Town,23
1285-1,Yellow Tiger,2001,Town,23
1290-1,Kabaya Promotional Set: Red (Volcano Climber) RoboRider,2000,Technic,35
1291-1,Power Bike,2000,Technic,32
1292-1,Kabaya Promotional Set: White (Ice Explorer) RoboRider,2000,Technic,33
1293-1,Kabaya Promotional Set: Yellow/Green (Swamp Craft) RoboRider,2000,Technic,32
1294-1,Fire Helicopter,2000,Town,31
1295-1,Water Rider,2000,Town,30
1296-1,Land Scooper,2000,Town,30
1297-1,Speed Patroller,2000,Town,34
1298-1,Advent Calendar 1998 Classic Basic,1998,Seasonal,24
1314-1,Stop bush / Small pulley,1987,Technic,210
1315-1,Piston Rod,1987,Technic,50
1316-1,Connector peg,1987,Technic,150
1317-1,TECHNIC Chainlinks,1987,Technic,350
1318-1,Gears Small,1987,Technic,68
1319-1,Gears Large,1987,Technic,32
1320-1,Differential and Bevel Gears,1987,Technic,32
1321-1,Worm Gear and Racks,1987,Technic,32
1323-1,Hubs and Tyres,1985,Educational,24
1324-1,Rubber Bands and String,1985,Technic,101
1325-1,Assorted Spare Axles,1987,Technic,68
1325-1,Assorted Spare Axles,1987,Technic,68
1327-1,Red/Black Plates,1985,Educational,48
1328-1,Red/Black Plates,1985,Educational,32
1329-1,Red/Black Plates,1985,Educational,28
1330-1,Red/Black Plates,1985,Educational,20
1331-1,Red/Blue Bricks,1985,Educational,88
1332-1,Red/Blue Beams,1985,Educational,18
1333-1,Red/Blue Beams,1985,Educational,20
1334-1,Motors (4.5V),1985,Educational,9
1335-1,Battery Boxes (4.5v),1985,Educational,9
1336-1,Pole Reverser Switches for Battery Box,1985,Technic,31
1337-1,Connecting Leads,1985,Technic,31
1338-1,Angles Swivels Turntables,1985,Educational,72
1339-1,TECHNIC parts,1987,Technic,32
1340-1,Weight Bricks,1987,Technic,32
1341-1,Building Plates Green,1985,Educational,11
1342-1,Electric Switches and Tiles,1986,Educational,13
1343-1,Optosensors (4.5V) and Discs,1986,Educational,12
1344-1,Light Bricks (4.5V),1986,Educational,13
1344-1,Light Bricks (4.5V),1986,Educational,13
1346-1,Touch Sensors,1987,Technic,31
1347-1,Leads (4.5V) Spirals,1987,Educational,42
1348-1,Base Plates Grey,1987,Educational,12
1388-1,Huki [McDonald's Promo Set #1],2001,Bionicle,9
1389-1,Onepu [McDonald's Promo Set #2],2001,Bionicle,9
1390-1,Maku [McDonald's Promo Set #3],2001,Bionicle,9
1391-1,Jala [McDonald's Promo Set #4],2001,Bionicle,9
1392-1,Kongu [McDonald's Promo Set #5],2001,Bionicle,9
1393-1,Matoro [McDonald's Promo Set #6],2001,Bionicle,11
1413-1,Rover,2001,Space,29
1414-1,Double Hover (Kabaya Promotional),2001,Space,23
1415-1,Jet Scooter,2001,Space,24
1416-1,Worker Robot,2001,Space,30
1417-1,Vakama,2001,Bionicle,28
1417-2,Vakama (bagged),2003,Bionicle,28
1418-1,Matau,2001,Bionicle,25
1419-1,Nokama (Kabaya Promotional),2001,Bionicle,27
1420-1,Nuju,2001,Bionicle,29
1431-1,Tahnok Va (Kabaya Promotional),2002,Bionicle,27
1432-1,Nuhvok Va (Kabaya Promotional),2002,Bionicle,26
1433-1,Gahlok Va (Kabaya Promotional),2002,Bionicle,26
1434-1,Lehvak Va (Kabaya Promotional),2002,Bionicle,25
1441-1,Fikou (Tree-Spider),2003,Bionicle,13
1462-1,Galactic Scout,1992,Space,23
1478-1,Mobile Satellite Up-Link,1991,Space,31
1479-1,2-Pilot Craft,1991,Space,34
1498-1,Spy-Bot,1987,Space,63
1499-1,Twin Starfire,1987,Space,89
1507-1,Space Value Pack,1986,Space,19
1510-1,Space Value Pack,1987,Space,19
1512-1,Denken mit Lego (Thinking with Lego 250pcs),1972,Educational,250
1513-1,Denken mit Lego (Thinking with Lego 900pcs),1972,Educational,901
1526-1,Space Radar Buggy,1986,Space,105
1544-1,Duplo Medium Bucket,1988,Duplo,57
1545-1,Build-A-Rabbit,1992,Seasonal,29
1549-1,Santa and Chimney,1992,Seasonal,62
1551-1,Chick,1985,Seasonal,14
1555-1,Santa Claus,1986,Seasonal,19
1556-1,Christmas Hearts,1986,Seasonal,16
1557-1,Scooter,1986,Space,26
1558-1,Mobile Command Trailer,1986,Space,68
1580-1,Lunar Scout,1986,Space,70
1593-1,Super Model,1983,Space,314
1616-1,Space Combi-Pack,1989,Space,19
1620-1,Astro Dart,1990,Space,30
1621-1,Lunar MPV Vehicle,1990,Space,96
1625-1,Snowman,1989,Seasonal,40
1626-1,Angel,1989,Seasonal,33
1627-1,Santa,1989,Seasonal,36
1628-1,Santa on Sleigh with Reindeer,1989,Seasonal,63
1677-1,Rabbit,1990,Seasonal,25
1694-1,Galactic Scout,1992,Space,23
1704-1,Ice Planet Satellite Plough,1994,Space,47
1711-1,Ice Planet Scooter,1994,Space,21
1714-1,Surveillance Scooter,1995,Space,23
1731-1,Ice Planet Scooter,1994,Space,23
1737-1,Scorpion Detector,1996,Space,195
1761-1,Paradisa Speedboat,1995,Town,21
1782-1,Discovery Station,1997,Town,329
1785-1,Introducing Crater Critters,1995,Space,146
1787-1,Crater Cruiser,1995,Space,183
1789-1,Star Hawk II,1995,Space,292
1793-1,Space Station Zenon,1995,Space,351
1807-1,Santa Claus and Sleigh,1995,Seasonal,17
1815-1,Paradisa Lifeguard,1996,Town,38
1843-1,Space/Castle Value Pack,1996,Technic,31
1843-2,Spyrius Fold-Wing Spacecraft,1996,Space,60
1858-1,Droid Scout,1996,Space,23
1875-1,Meteor Monitor,1990,Space,32
1887-1,Scout Patrol Ship,1992,Space,30
1916-1,Starion Patrol,1993,Space,23
1924-1,Motorcycle,1983,Model,103
1954-1,Surveillance Scooter,1995,Space,23
1968-1,Space Express,1985,Space,183
1969-1,Mini Robot,1993,Space,38
1969-2,Space Value Pack,1985,Space,19
1972-1,Go-Cart,1985,Model,98
1974-4,Star Quest,1989,Space,37
1977-1,Space Value Pack,1983,Space,19
1978-1,Build-A-Santa,1991,Seasonal,39
1979-1,Snowman,1991,Seasonal,42
1980-1,Santa's Elves,1991,Seasonal,30
1983-1,Space Value Pack,1984,Space,19
1999-1,Space Value Pack,1985,Space,19
20002-1,Fire Truck,2008,City,56
2000409-1,Window Exploration Bag,2010,Educational,1024
2000414-1,Starter Kit,2010,Educational,239
2000416-1,Duck,2012,Educational,12
2000424-1,Story Starter (Sample Set),2014,Educational,96
2000445-1,Crossing the River,2016,Educational,14
2000445-1,Crossing the River,2016,Educational,14
20005-1,Winged Rahi (Klakk),2008,Bionicle,38
20006-1,Clone Turbo Tank - Mini,2008,Star Wars,64
20007-1,Republic Attack Cruiser - Mini,2009,Star Wars,84
20009-1,AT-TE Walker - Mini,2009,Star Wars,94
20010-1,Republic Gunship - Mini,2009,Star Wars,94
20012-1,Click,2009,Bionicle,33
20016-1,Imperial Shuttle - Mini,2010,Star Wars,70
20018-1,AT-AT Walker - Mini,2010,Star Wars,83
20019-1,Slave I,2011,Star Wars,76
20021-1,Bounty Hunter Gunship - Mini,2011,Star Wars,81
20021-1,Bounty Hunter Gunship - Mini,2011,Star Wars,81
20021-1,Bounty Hunter Gunship - Mini,2011,Star Wars,81
20021-1,Bounty Hunter Gunship - Mini,2011,Star Wars,81
2008-1,Heart 2008,2008,Seasonal,92
2009-2,Heart 2009,2009,Seasonal,92
2064-1,Air Ambulance,2007,City,115
2070-1,Ring Me Rabbit,1987,Duplo,3
2125-1,Green Bucket,1997,Duplo,69
2129-1,Blast-Off Dragster,1997,Model,63
2151-1,Robo Raider,1997,Space,137
2152-1,Robo Raptor,1997,Space,222
2153-1,Robo Stalker,1997,Space,279
2154-1,Robo Master,1997,Space,362
2230-1,Helicopter and Raft,2008,City,106
2234-1,Police Chase,1998,Town,150
2250-1,Advent Calendar 2000,2000,Seasonal,240
2304-1,Large Building Plate,1992,Duplo,1
2312-1,Duplo Supplementary Bricks,1987,Duplo,39
245-2,Two Santas and Tree,1978,Seasonal,39
246-2,Santa with Sleigh and Reindeer,1977,Seasonal,68
2490-1,Insectoids Combi Set (Woolworth's UK promo),1998,Space,19
2536-1,Divers Jet Ski,1998,Town,24
2537-1,Extreme Team Raft,1998,Town,20
2543-1,Spacecraft,1998,Space,21
2544-1,SHELL Promotional Set: TECHNIC Microbike,1998,Model,27
2613-1,Refuse Truck,1990,Duplo,1
2617-1,Tow Truck,1989,Duplo,4
2636-1,Tow Truck,1984,Duplo,2
2649-1,Sea Explorer,1984,Duplo,41
2734-1,Straight Track (Straight Rails),1993,Duplo,6
2735-1,Curved Track (Curved Rails),1993,Duplo,6
2775-1,Bathroom,1991,Duplo,7
2824-1,Advent Calendar 2010 City,2010,Seasonal,24
2847-1,Flyer,1997,Space,21
2853300-1,Space Police Collection,2009,Space,21
2853301-1,CITY Transport Collection,2009,City,14
2853302-1,CITY Construction Collection,2009,City,13
2853303-1,Bionicle Glatorian Legends Collection,2009,Bionicle,9
2853590-1,Stormtrooper,2009,Star Wars,27
2853835-1,White Boba Fett Figure,2010,Star Wars,28
2854-1,Bungee Chopper,1998,Technic,70
2856197-1,Shadow ARF Trooper,2011,Star Wars,28
2866-1,Animal Playground,1998,Duplo,28
2870-1,Paradisa Barbeque,1997,Town,21
2871-1,Diver and Shark,1997,Town,17
2873-1,Small Santa Claus,1997,Seasonal,15
2876-1,Christmas Set,1997,Seasonal,16
2878-1,Santa Claus,1997,Seasonal,16
2878-2,Santa Claus Mos Burger Gift Box 1- Hawaiian Shirt Santa,2001,Seasonal,11
2878-3,Santa Claus Mos Burger Gift Box 2 - Tuxedo Santa,2001,Seasonal,13
2878-4,Santa Claus Mos Burger Gift Box 3 - Soccer Santa,2001,Seasonal,14
2912-1,Radical Racer,2000,Duplo,16
2928-1,Airline Promotional Set,2006,City,137
2928-2,Airline Promotional Set - ANA limited edition,2008,City,137
2933-1,Freight Train,2000,Duplo,79
2949-1,RC Dozer,2001,Duplo,22
2962-1,Res-Q Lifeguard,1998,Town,69
2963-1,Extreme Team Racer,1998,Town,83
2964-1,Space Spider,1998,Space,45
2965-1,Hornet Scout,1998,Space,72
2981-1,Pooh's Corner,1999,Duplo,1
2982-1,Pooh's Birthday,1999,Duplo,9
30000-1,Doctor With Car,2009,City,30
3000-1,Trike Buggy,1999,Model,30
30001-1,Fireman's Car,2009,City,39
30002-1,Police Boat,2009,City,30
30003-1,Road Roller,2009,City,31
30004-1,Battle Droid on STAP,2009,Star Wars,31
30005-1,Imperial Speeder Bike,2009,Star Wars,33
30006-1,Clone Walker,2009,Star Wars,31
30008-1,Snowman,2009,Seasonal,44
30009-1,Christmas Tree,2009,Seasonal,47
30010-1,Fire Chief,2010,City,31
3001-1,Kabaya Promotional Set: Propeller Buggy,1999,Model,29
30011-1,Police Dinghy,2010,City,16
30012-1,Mini Airplane,2010,City,34
30013-1,Police Quad,2010,City,30
30014-1,Police Helicopter,2011,City,32
30015-1,Jet Ski,2011,City,24
30016-1,Small Satellite,2011,City,34
30017-1,Police Boat,2012,City,35
30018-1,Police Plane,2012,City,32
30019-1,Fire Helicopter,2012,City,37
30028-1,Wreath,2011,Seasonal,50
3003-1,Motorbike,1999,Model,28
30050-1,Republic Attack Shuttle - Mini,2010,Star Wars,54
3005-1,Kabaya Promotional Set: Car,1999,Model,26
30051-1,X-wing Fighter - Mini,2010,Star Wars,61
30052-1,AAT - Mini,2011,Star Wars,46
30053-1,Republic Attack Cruiser - Mini,2011,Star Wars,41
30054-1,AT-ST - Mini,2011,Star Wars,46
30055-1,Vulture Droid - Mini,2011,Star Wars,42
30056-1,Star Destroyer,2012,Star Wars,38
30057-1,Anakin's Pod Racer,2012,Star Wars,38
30058-1,STAP,2012,Star Wars,29
30059-1,MTT,2012,Star Wars,51
30066-1,Circus Clown Polybag,2013,Duplo,3
30066-2,Circus Ringmaster Polybag,2013,Duplo,3
30066-4,Circus Tiger Polybag,2013,Duplo,3
30066-5,Circus Rabbit Polybag,2013,Duplo,3
30067-1,Duplo Farm Polybag (farmer),2014,Duplo,5
30067-2,Duplo Farm Polybag (calf),2014,Duplo,5
30067-3,Duplo Farm Polybag (goat),2014,Duplo,5
30067-4,Duplo Farm Polybag (cat),2014,Duplo,5
30068-1,Food,2014,Duplo,6
3012-1,Space Hover,1999,Space,23
3013-1,Space Jet,1999,Space,23
30140-1,ADU Walker,2011,Space,34
3014-1,Ice Planet Scooter,1999,Space,23
30141-1,ADU Jetpack,2011,Space,23
30150-1,Race Car,2012,City,35
3015-1,Space Police Car,1999,Space,23
30151-1,Mining Dozer,2012,City,33
30152-1,Mining Quad,2012,City,40
30182-1,Santa,2012,Seasonal,57
30186-1,Christmas Tree,2013,Seasonal,51
30218-1,Snail,2015,Duplo,6
30220-1,Fire Speedboat,2013,City,40
30221-1,Fire Car,2013,City,36
30222-1,Police Helicopter,2013,City,33
30224-1,Lawn Mower,2013,City,41
30225-1,Seaplane,2013,City,37
30226-1,Police Helicopter ,2014,City,48
30227-1,Police Watercraft,2014,City,36
30228-1,Police ATV,2014,City,42
30229-1,Repair Lift,2014,City,40
30230-1,Mini Mech,2013,Space,28
30231-1,Space Insectoid,2013,Space,27
30240-1,Z-95 Headhunter,2013,Star Wars,54
30241-1,Mandalorian Fighter,2013,Star Wars,49
30242-1,Republic Frigate,2013,Star Wars,45
30243-1,Umbaran MHC,2013,Star Wars,49
30244-1,Anakin's Jedi Intercepter,2014,Star Wars,45
30246-1,Imperial Shuttle,2014,Star Wars,57
30247-1,ARC-170 Starfighter,2014,Star Wars,54
30272-1,A-Wing Starfighter,2015,Star Wars,58
30274-1,AT-DP,2015,Star Wars,65
30275-1,TIE Advanced Prototype,2015,Star Wars,47
30276-1,First Order Special Forces TIE Fighter Set,2015,Star Wars,41
30277-1,First Order Star Destroyer,2016,Star Wars,56
30278-1,Poe's X-wing Fighter,2015,Star Wars,64
30279-1,Kylo Ren's Command Shuttle,2016,Star Wars,43
30286-1,Christmas Tree,2015,Seasonal,65
30310-1,Arctic Scout,2014,City,39
30311-1,Swamp Police Helicopter,2015,City,51
30312-1,Demolition Driller,2015,City,40
30313-1,Garbage Truck,2015,City,48
30314-1,Go-Kart Racer,2015,City,45
30315-1,Space Utility Vehicle,2015,Town,39
303-2,Aeroplane,1964,Vehicle,46
30321-1,Duck,2016,Duplo,4
30338-1,Fire Car,2017,Town,32
30346-1,Prison Island Helicopter,2016,City,46
30347-1,Fire Car,2016,City,53
30348-1,Mini Dumper,2016,City,45
30349-1,Sports Car,2016,City,47
30350-1,Volcano Jackhammer,2016,City,53
30351-1,Police Helicopter,2017,City,44
30352-1,Police Car,2017,City,50
30354-1,Hot Rod,2017,City,36
3038-1,Spider Slayer,1998,Technic,367
304-2,Tractor & Trailer,1964,Vehicle,82
3047-1,Halloween Bucket,1998,Seasonal,256
30474-1,Reindeer,2016,Seasonal,77
30496-1,U-Wing Fighter,2017,Star Wars,55
305-1,Two Crater Plates,1979,Space,19
305-2,Fire Engine,1964,Vehicle,170
3054-1,Kelloggs Promotional Set: TECHNIC Motorcycle,1998,Model,30
3057-1,Create 'n' Race - Master Builders,2000,Model,106
3058-1,Busy City - Master Builders (Masterbuilders),2000,Town,73
3059-1,Mars Mission - Master Builders (Masterbuilders),2000,Town,90
30602-1,First Order Stormtrooper,2016,Star Wars,29
30605-1,Finn (FN-2187),2016,Star Wars,27
306-1,Two Lunar Landing Plates,1979,Space,19
30611-1,R2-D2,2017,Star Wars,70
3066-1,Cosmos Glider,1999,Town,19
3066-3,Circus Acrobat Polybag,2013,Duplo,3
3067-1,Test Shuttle,1999,Town,21
3068-1,Radar Buggy,1999,Town,25
3069-1,Cosmic Wing,1999,Town,23
3070-1,Mosquito,1999,Space,23
3071-1,Light Flyer,1999,Space,23
3072-1,Mega Tack,1999,Space,23
3073-1,Booster,1999,Space,23
3093-1,Fun Playground,2001,Duplo,31
31003-1,Red Rotors,2013,Model,145
31006-1,Highway Speedster,2013,Model,286
31009-1,Small Cottage,2013,Model,271
31010-1,Treehouse,2013,Model,356
31011-1,Aviation Adventures,2013,Model,619
31012-1,Family House,2013,Model,755
31022-1,Turbo Quad,2014,Model,186
31031-1,Rainforest Animals,2015,Model,215
31032-1,Red Creatures,2015,Model,221
31035-1,Beach Hut,2015,Model,286
31036-1,Toy & Grocery Shop,2015,Model,465
311-4,Airplanes,1961,Vehicle,79
312-4,Boats,1961,Vehicle,107
313-1,London Bus,1966,Vehicle,140
314-2,Large & Small Wheels & Turn-Table,1963,Vehicle,35
315-3,European Taxie,1963,Vehicle,48
316-2,Farm Tractor,1963,Vehicle,49
317-1,Truck,1963,Vehicle,125
3177-1,Small Car,2010,City,43
3178-1,Seaplane,2010,City,101
3179-1,Repair Truck,2010,City,122
3180-1,Tank Truck,2010,Town,221
3181-1,Passenger Plane,2010,City,308
3181-2,Passenger Plane - ANA Version,2010,City,296
3182-1,Airport,2010,City,532
319-1,Truck with Trailer,1965,Vehicle,74
320-2,Airplane,1965,Vehicle,120
3219-1,TIE Fighter - Mini,2003,Star Wars,29
3221-1,LEGOÂ® City Truck,2010,City,277
3222-1,Helicopter and Limousine,2010,City,250
323-1,Train,1964,Vehicle,253
3259-1,Kanoka Launcher And Disc,2004,Bionicle,7
328-2,Biplane,1967,Vehicle,44
3287-1,Takutanuva,2004,Bionicle,7
329-1,Antique Car,1967,Vehicle,111
3300002-1,Holiday Set 2 of 2,2011,Seasonal,117
3300014-1,Holiday Set 2012,2012,Seasonal,109
3300020-1,Holiday Set 1 of 2,2011,Seasonal,98
3300-1,Harold the Helicopter,2006,Duplo,6
330-3,Jeep,1968,Vehicle,65
331-1,Dump Truck,1967,Vehicle,45
332-1,Tow Truck,1967,Vehicle,56
333-2,Delivery Truck,1967,Vehicle,68
3340-1,Star Wars #1 - Sith Minifig Pack,2000,Star Wars,31
334-1,Truck with Flatbed,1967,Vehicle,72
3341-1,Star Wars #2 - Luke/Han/Boba Minifig Pack,2000,Star Wars,31
3342-1,Star Wars #3 - Troopers/Chewie Minifig Pack,2000,Star Wars,31
3343-1,Star Wars #4 - Battle Droid Minifig Pack,2000,Star Wars,33
3350-1,City #1,2000,Town,27
3351-1,Three Minifig Pack - City #2,2000,Town,24
335-2,Transport Truck,1967,Vehicle,99
336-1,Fire Engine,1968,Vehicle,76
3365-1,Moon Buggy,2011,City,37
3366-1,Satellite Launcher,2011,City,164
3367-1,Space Shuttle,2011,City,230
3368-1,Rocket Launch Center,2011,City,498
337-2,Truck with Crane and Caterpillar Track,1969,Vehicle,92
343-1,Train Ferry,1968,Vehicle,147
3594-1,Bob's Workshop,2009,Duplo,14
3599-1,XXL 250 Canister,2005,Duplo,250
3612-1,Wild Animals,2002,Duplo,32
3648-1,Police Chase,2011,City,172
3658-1,Police Helicopter,2011,City,236
3661-1,Bank & Money Transfer,2011,City,408
3731-1,Pumpkin Pack,2000,Seasonal,87
3775-1,Points,2005,Duplo,2
3928-1,Sandy Moondust Mars Rover Mission Astrobot Female,2002,Space,21
3929-1,Biff Starling Mars Rover Mission Astrobot Male,2002,Space,21
40000-1,Santa Claus in the Snow,2009,Seasonal,159
40001-1,Santa Claus,2009,Seasonal,42
40002-1,Christmas Tree,2009,Seasonal,61
40003-1,Snowman,2009,Seasonal,44
40004-1,Heart 2010,2010,Seasonal,26
40005-1,Bunny,2010,Seasonal,81
40008-1,Snowman Building Set,2010,Seasonal,64
40009-1,Holiday Building Set,2010,Seasonal,85
40010-1,Santa with Sleigh Building Set,2010,Seasonal,71
40011-1,Thanksgiving Turkey,2010,Seasonal,52
40012-1,Halloween Pumpkin,2010,Seasonal,18
40013-1,Halloween Ghost,2010,Seasonal,18
40014-1,Halloween Bat,2010,Seasonal,25
40015-1,Heart Book,2011,Seasonal,51
40016-1,Valentine Letter Set,2011,Seasonal,41
40017-1,Easter Basket,2011,Seasonal,86
40018-1,Easter Bunny with Eggs,2011,Seasonal,95
40020-1,Halloween Set,2011,Seasonal,71