FEMALE,BLACK NON HISPANIC,AALIYAH,69
MALE,ASIAN AND PACIFIC ISLANDER,AARAV,15
MALE,ASIAN AND PACIFIC ISLANDER,AARON,51
FEMALE,HISPANIC,ABBY,10
MALE,HISPANIC,ABDIEL,12
MALE,BLACK NON HISPANIC,ABDOUL,16
MALE,BLACK NON HISPANIC,ABDOULAYE,13
MALE,ASIAN AND PACIFIC ISLANDER,ABDUL,20
MALE,ASIAN AND PACIFIC ISLANDER,ABDULLAH,30
MALE,HISPANIC,ABEL,14
FEMALE,WHITE NON HISPANIC,ABIGAIL,103
MALE,HISPANIC,ABRAHAM,22
FEMALE,ASIAN AND PACIFIC ISLANDER,ADA,13
MALE,ASIAN AND PACIFIC ISLANDER,ADAM,28
FEMALE,WHITE NON HISPANIC,ADDISON,19
FEMALE,WHITE NON HISPANIC,ADELE,22
FEMALE,WHITE NON HISPANIC,ADELINE,12
MALE,BLACK NON HISPANIC,ADEN,19
FEMALE,WHITE NON HISPANIC,ADINA,19
MALE,ASIAN AND PACIFIC ISLANDER,ADITYA,14
MALE,BLACK NON HISPANIC,ADONIS,11
MALE,ASIAN AND PACIFIC ISLANDER,ADRIAN,19
FEMALE,WHITE NON HISPANIC,ADRIANA,29
FEMALE,WHITE NON HISPANIC,ADRIANNA,18
MALE,HISPANIC,ADRIEL,34
MALE,WHITE NON HISPANIC,AHARON,19
MALE,ASIAN AND PACIFIC ISLANDER,AHMED,21
MALE,WHITE NON HISPANIC,AHRON,17
FEMALE,WHITE NON HISPANIC,AHUVA,16
FEMALE,BLACK NON HISPANIC,AICHA,14
MALE,ASIAN AND PACIFIC ISLANDER,AIDAN,32
MALE,ASIAN AND PACIFIC ISLANDER,AIDEN,96
FEMALE,HISPANIC,AILEEN,21
FEMALE,HISPANIC,AIMEE,12
FEMALE,ASIAN AND PACIFIC ISLANDER,AISHA,13
FEMALE,BLACK NON HISPANIC,AISSATOU,13
FEMALE,ASIAN AND PACIFIC ISLANDER,AIZA,10
MALE,WHITE NON HISPANIC,AKIVA,20
MALE,ASIAN AND PACIFIC ISLANDER,ALAN,37
FEMALE,BLACK NON HISPANIC,ALANA,18
MALE,HISPANIC,ALBERT,13
MALE,HISPANIC,ALBERTO,15
MALE,HISPANIC,ALDO,10
MALE,WHITE NON HISPANIC,ALEC,11
FEMALE,ASIAN AND PACIFIC ISLANDER,ALEENA,12
FEMALE,HISPANIC,ALEJANDRA,16
MALE,HISPANIC,ALEJANDRO,68
FEMALE,WHITE NON HISPANIC,ALESSANDRA,20
FEMALE,WHITE NON HISPANIC,ALESSIA,14
MALE,ASIAN AND PACIFIC ISLANDER,ALEX,52
FEMALE,WHITE NON HISPANIC,ALEXA,54
MALE,ASIAN AND PACIFIC ISLANDER,ALEXANDER,47
FEMALE,WHITE NON HISPANIC,ALEXANDRA,109
FEMALE,WHITE NON HISPANIC,ALEXIS,27
MALE,HISPANIC,ALFREDO,15
MALE,ASIAN AND PACIFIC ISLANDER,ALI,13
FEMALE,WHITE NON HISPANIC,ALICE,50
FEMALE,WHITE NON HISPANIC,ALICIA,11
MALE,BLACK NON HISPANIC,ALIJAH,10
FEMALE,WHITE NON HISPANIC,ALINA,11
FEMALE,WHITE NON HISPANIC,ALISA,14
FEMALE,ASIAN AND PACIFIC ISLANDER,ALISHA,10
FEMALE,HISPANIC,ALISON,32
FEMALE,HISPANIC,ALISSON,15
FEMALE,ASIAN AND PACIFIC ISLANDER,ALIYAH,12
FEMALE,WHITE NON HISPANIC,ALIZA,22
MALE,HISPANIC,ALLAN,10
MALE,ASIAN AND PACIFIC ISLANDER,ALLEN,14
FEMALE,WHITE NON HISPANIC,ALLISON,15
FEMALE,HISPANIC,ALLYSON,19
FEMALE,HISPANIC,ALONDRA,16
MALE,ASIAN AND PACIFIC ISLANDER,ALVIN,43
FEMALE,HISPANIC,ALYSON,11
FEMALE,WHITE NON HISPANIC,ALYSSA,28
MALE,BLACK NON HISPANIC,AMADOU,15
FEMALE,WHITE NON HISPANIC,AMANDA,15
FEMALE,BLACK NON HISPANIC,AMANI,15
MALE,BLACK NON HISPANIC,AMARE,15
MALE,BLACK NON HISPANIC,AMAR'E,12
MALE,BLACK NON HISPANIC,AMARI,57
FEMALE,BLACK NON HISPANIC,AMAYA,32
FEMALE,ASIAN AND PACIFIC ISLANDER,AMBER,13
FEMALE,WHITE NON HISPANIC,AMELIA,62
FEMALE,WHITE NON HISPANIC,AMELIE,15
FEMALE,WHITE NON HISPANIC,AMINA,17
FEMALE,BLACK NON HISPANIC,AMINATA,25
MALE,BLACK NON HISPANIC,AMIR,89
FEMALE,WHITE NON HISPANIC,AMIRA,11
FEMALE,BLACK NON HISPANIC,AMIRAH,22
FEMALE,BLACK NON HISPANIC,AMIYAH,20
MALE,WHITE NON HISPANIC,AMROM,13
FEMALE,WHITE NON HISPANIC,AMY,11
FEMALE,HISPANIC,ANA,33
FEMALE,HISPANIC,ANALIA,17
FEMALE,WHITE NON HISPANIC,ANASTASIA,19
FEMALE,BLACK NON HISPANIC,ANAYA,12
MALE,HISPANIC,ANDERSON,33
MALE,BLACK NON HISPANIC,ANDRE,22
FEMALE,HISPANIC,ANDREA,61
MALE,HISPANIC,ANDRES,51
MALE,ASIAN AND PACIFIC ISLANDER,ANDREW,70
MALE,ASIAN AND PACIFIC ISLANDER,ANDY,43
MALE,BLACK NON HISPANIC,ANGEL,10
FEMALE,ASIAN AND PACIFIC ISLANDER,ANGELA,47
FEMALE,WHITE NON HISPANIC,ANGELICA,10
FEMALE,WHITE NON HISPANIC,ANGELINA,50
FEMALE,HISPANIC,ANGELIQUE,30
MALE,HISPANIC,ANGELO,28
FEMALE,HISPANIC,ANGELY,11
FEMALE,ASIAN AND PACIFIC ISLANDER,ANGIE,10
FEMALE,ASIAN AND PACIFIC ISLANDER,ANIKA,14
FEMALE,BLACK NON HISPANIC,ANIYA,19
FEMALE,BLACK NON HISPANIC,ANIYAH,35
FEMALE,WHITE NON HISPANIC,ANNA,85
FEMALE,WHITE NON HISPANIC,ANNABEL,14
FEMALE,WHITE NON HISPANIC,ANNABELLE,27
FEMALE,ASIAN AND PACIFIC ISLANDER,ANNIE,20
MALE,ASIAN AND PACIFIC ISLANDER,ANSON,18
MALE,ASIAN AND PACIFIC ISLANDER,ANTHONY,46
MALE,BLACK NON HISPANIC,ANTONIO,15
FEMALE,HISPANIC,APRIL,13
FEMALE,HISPANIC,ARELY,12
MALE,WHITE NON HISPANIC,ARI,30
FEMALE,ASIAN AND PACIFIC ISLANDER,ARIA,12
FEMALE,WHITE NON HISPANIC,ARIANA,27
FEMALE,WHITE NON HISPANIC,ARIANNA,28
FEMALE,HISPANIC,ARIANNY,10
FEMALE,WHITE NON HISPANIC,ARIEL,14
FEMALE,WHITE NON HISPANIC,ARIELA,10
FEMALE,WHITE NON HISPANIC,ARIELLA,26
FEMALE,BLACK NON HISPANIC,ARIELLE,20
MALE,ASIAN AND PACIFIC ISLANDER,ARJUN,27
MALE,ASIAN AND PACIFIC ISLANDER,ARMAAN,15
MALE,HISPANIC,ARMANDO,11
MALE,HISPANIC,ARMANI,20
MALE,WHITE NON HISPANIC,ARON,60
MALE,WHITE NON HISPANIC,ARTHUR,29
MALE,HISPANIC,ARTURO,10
FEMALE,ASIAN AND PACIFIC ISLANDER,ARYA,12
MALE,ASIAN AND PACIFIC ISLANDER,ARYAN,18
MALE,WHITE NON HISPANIC,ARYEH,24
MALE,WHITE NON HISPANIC,ASHER,55
FEMALE,WHITE NON HISPANIC,ASHLEY,20
FEMALE,HISPANIC,ASHLY,13
MALE,BLACK NON HISPANIC,ASHTON,18
FEMALE,WHITE NON HISPANIC,ATARA,10
FEMALE,HISPANIC,ATHENA,12
FEMALE,WHITE NON HISPANIC,AUBREY,10
FEMALE,WHITE NON HISPANIC,AUDREY,26
MALE,WHITE NON HISPANIC,AUGUST,16
MALE,WHITE NON HISPANIC,AUGUSTUS,10
FEMALE,HISPANIC,AURORA,16
MALE,ASIAN AND PACIFIC ISLANDER,AUSTIN,64
FEMALE,WHITE NON HISPANIC,AUTUMN,10
FEMALE,WHITE NON HISPANIC,AVA,162
FEMALE,WHITE NON HISPANIC,AVERY,52
MALE,WHITE NON HISPANIC,AVI,12
FEMALE,WHITE NON HISPANIC,AVIGAIL,11
FEMALE,WHITE NON HISPANIC,AVIVA,18
MALE,WHITE NON HISPANIC,AVRAHAM,38
MALE,WHITE NON HISPANIC,AVROHOM,27
MALE,WHITE NON HISPANIC,AVRUM,11
MALE,HISPANIC,AXEL,69
MALE,ASIAN AND PACIFIC ISLANDER,AYAAN,31
MALE,ASIAN AND PACIFIC ISLANDER,AYDEN,24
FEMALE,ASIAN AND PACIFIC ISLANDER,AYESHA,17
FEMALE,WHITE NON HISPANIC,AYLA,10
FEMALE,HISPANIC,AYLEEN,14
FEMALE,HISPANIC,AYLIN,16
FEMALE,WHITE NON HISPANIC,BAILA,40
FEMALE,WHITE NON HISPANIC,BARBARA,12
MALE,WHITE NON HISPANIC,BARUCH,21
FEMALE,WHITE NON HISPANIC,BATSHEVA,20
FEMALE,WHITE NON HISPANIC,BATYA,15
FEMALE,WHITE NON HISPANIC,BEATRICE,33
MALE,WHITE NON HISPANIC,BECKETT,12
FEMALE,WHITE NON HISPANIC,BELLA,22
MALE,WHITE NON HISPANIC,BEN,22
MALE,ASIAN AND PACIFIC ISLANDER,BENJAMIN,39
MALE,WHITE NON HISPANIC,BENNETT,10
MALE,ASIAN AND PACIFIC ISLANDER,BENSON,19
MALE,WHITE NON HISPANIC,BENZION,13
MALE,WHITE NON HISPANIC,BERISH,10
FEMALE,WHITE NON HISPANIC,BIANCA,10
MALE,WHITE NON HISPANIC,BINYOMIN,14
FEMALE,WHITE NON HISPANIC,BLAKE,14
FEMALE,WHITE NON HISPANIC,BLIMA,20
FEMALE,WHITE NON HISPANIC,BLIMY,23
FEMALE,ASIAN AND PACIFIC ISLANDER,BONNIE,10
MALE,WHITE NON HISPANIC,BORUCH,16
FEMALE,WHITE NON HISPANIC,BRACHA,24
MALE,HISPANIC,BRADLEY,24
MALE,WHITE NON HISPANIC,BRADY,13
MALE,ASIAN AND PACIFIC ISLANDER,BRANDON,29
MALE,HISPANIC,BRAYAN,23
MALE,HISPANIC,BRAYDEN,16
FEMALE,WHITE NON HISPANIC,BREINDY,15
FEMALE,HISPANIC,BRENDA,17
MALE,WHITE NON HISPANIC,BRENDAN,23
MALE,ASIAN AND PACIFIC ISLANDER,BRIAN,40
FEMALE,HISPANIC,BRIANA,32
FEMALE,WHITE NON HISPANIC,BRIANNA,32
FEMALE,HISPANIC,BRIANNY,10
FEMALE,WHITE NON HISPANIC,BRIDGET,14
FEMALE,BLACK NON HISPANIC,BRIELLE,35
FEMALE,HISPANIC,BRITNEY,12
FEMALE,HISPANIC,BRITTANY,22
MALE,WHITE NON HISPANIC,BRODY,19
FEMALE,WHITE NON HISPANIC,BROOKE,33
FEMALE,WHITE NON HISPANIC,BROOKLYN,15
FEMALE,WHITE NON HISPANIC,BRUCHA,19
FEMALE,WHITE NON HISPANIC,BRUCHY,13
MALE,ASIAN AND PACIFIC ISLANDER,BRYAN,15
FEMALE,HISPANIC,BRYANNA,16
MALE,HISPANIC,BRYANT,17
MALE,BLACK NON HISPANIC,BRYCE,35
FEMALE,WHITE NON HISPANIC,BRYNN,14
MALE,BLACK NON HISPANIC,BRYSON,14
MALE,HISPANIC,BYRON,19
MALE,WHITE NON HISPANIC,CADEN,10
FEMALE,WHITE NON HISPANIC,CAITLIN,11
MALE,ASIAN AND PACIFIC ISLANDER,CALEB,16
MALE,ASIAN AND PACIFIC ISLANDER,CALVIN,13
FEMALE,WHITE NON HISPANIC,CAMERON,11
FEMALE,HISPANIC,CAMILA,188
FEMALE,BLACK NON HISPANIC,CAMILLE,12
MALE,HISPANIC,CARLOS,109
MALE,BLACK NON HISPANIC,CARMELO,13
FEMALE,HISPANIC,CARMEN,12
MALE,WHITE NON HISPANIC,CARMINE,11
FEMALE,HISPANIC,CAROLINA,11
FEMALE,WHITE NON HISPANIC,CAROLINE,52
MALE,ASIAN AND PACIFIC ISLANDER,CARSON,20
MALE,BLACK NON HISPANIC,CARTER,35
FEMALE,WHITE NON HISPANIC,CASEY,12
FEMALE,HISPANIC,CASSANDRA,10
FEMALE,WHITE NON HISPANIC,CATHERINE,33
MALE,BLACK NON HISPANIC,CAYDEN,11
FEMALE,WHITE NON HISPANIC,CECILIA,16
FEMALE,HISPANIC,CELESTE,11
FEMALE,WHITE NON HISPANIC,CELIA,10
MALE,HISPANIC,CESAR,29
MALE,BLACK NON HISPANIC,CHAD,12
MALE,WHITE NON HISPANIC,CHAIM,147
FEMALE,WHITE NON HISPANIC,CHANA,132
MALE,BLACK NON HISPANIC,CHANCE,15
FEMALE,WHITE NON HISPANIC,CHANY,38
MALE,ASIAN AND PACIFIC ISLANDER,CHARLES,17
FEMALE,WHITE NON HISPANIC,CHARLIE,14
FEMALE,WHITE NON HISPANIC,CHARLOTTE,127
MALE,BLACK NON HISPANIC,CHASE,41
FEMALE,WHITE NON HISPANIC,CHAVA,46
FEMALE,WHITE NON HISPANIC,CHAVY,10
FEMALE,WHITE NON HISPANIC,CHAYA,178
FEMALE,BLACK NON HISPANIC,CHELSEA,37
MALE,WHITE NON HISPANIC,CHESKEL,14
FEMALE,BLACK NON HISPANIC,CHEYENNE,10
FEMALE,WHITE NON HISPANIC,CHLOE,95
MALE,BLACK NON HISPANIC,CHRIS,10
MALE,ASIAN AND PACIFIC ISLANDER,CHRISTIAN,21
FEMALE,WHITE NON HISPANIC,CHRISTINA,14
FEMALE,ASIAN AND PACIFIC ISLANDER,CHRISTINE,11
MALE,ASIAN AND PACIFIC ISLANDER,CHRISTOPHER,21
FEMALE,ASIAN AND PACIFIC ISLANDER,CHRISTY,12
FEMALE,ASIAN AND PACIFIC ISLANDER,CINDY,14
FEMALE,WHITE NON HISPANIC,CLAIRE,35
FEMALE,WHITE NON HISPANIC,CLARA,28
MALE,ASIAN AND PACIFIC ISLANDER,CODY,10
MALE,WHITE NON HISPANIC,COLE,37
FEMALE,WHITE NON HISPANIC,COLETTE,14
MALE,WHITE NON HISPANIC,COLIN,32
MALE,ASIAN AND PACIFIC ISLANDER,CONNOR,11
MALE,WHITE NON HISPANIC,CONOR,13
MALE,WHITE NON HISPANIC,COOPER,30
FEMALE,WHITE NON HISPANIC,CORA,10
MALE,BLACK NON HISPANIC,COREY,10
MALE,HISPANIC,CRISTIAN,53
FEMALE,HISPANIC,CRISTINA,10
MALE,HISPANIC,CRISTOFER,11
MALE,HISPANIC,CRISTOPHER,13
FEMALE,HISPANIC,CRYSTAL,26
FEMALE,ASIAN AND PACIFIC ISLANDER,CYNTHIA,14
FEMALE,WHITE NON HISPANIC,DAHLIA,15
FEMALE,WHITE NON HISPANIC,DAISY,13
FEMALE,BLACK NON HISPANIC,DAKOTA,15
FEMALE,WHITE NON HISPANIC,DALIA,10
FEMALE,HISPANIC,DAMARIS,11
MALE,HISPANIC,DAMIAN,26
MALE,HISPANIC,DAMIEN,15
FEMALE,HISPANIC,DANA,18
MALE,ASIAN AND PACIFIC ISLANDER,DANIEL,84
FEMALE,WHITE NON HISPANIC,DANIELA,13
FEMALE,WHITE NON HISPANIC,DANIELLA,41
FEMALE,WHITE NON HISPANIC,DANIELLE,15
FEMALE,HISPANIC,DANNA,39
MALE,ASIAN AND PACIFIC ISLANDER,DANNY,20
MALE,HISPANIC,DANTE,21
MALE,HISPANIC,DARIEL,31
MALE,BLACK NON HISPANIC,DARIUS,12
MALE,ASIAN AND PACIFIC ISLANDER,DARREN,21
MALE,HISPANIC,DARWIN,18
MALE,WHITE NON HISPANIC,DASHIELL,12
MALE,ASIAN AND PACIFIC ISLANDER,DAVID,28
FEMALE,HISPANIC,DAYANA,22
MALE,WHITE NON HISPANIC,DEAN,24
MALE,WHITE NON HISPANIC,DECLAN,32
FEMALE,HISPANIC,DELILAH,29
FEMALE,HISPANIC,DENISE,16
MALE,HISPANIC,DENNIS,15
MALE,HISPANIC,DERECK,11
MALE,ASIAN AND PACIFIC ISLANDER,DEREK,32
MALE,HISPANIC,DERICK,18
MALE,BLACK NON HISPANIC,DERRICK,10
FEMALE,BLACK NON HISPANIC,DESTINY,35
MALE,ASIAN AND PACIFIC ISLANDER,DEVIN,21
MALE,BLACK NON HISPANIC,DEVON,10
FEMALE,WHITE NON HISPANIC,DEVORA,17
FEMALE,WHITE NON HISPANIC,DEVORAH,44
FEMALE,WHITE NON HISPANIC,DIANA,13
MALE,HISPANIC,DIEGO,54
FEMALE,WHITE NON HISPANIC,DINA,41
FEMALE,ASIAN AND PACIFIC ISLANDER,DIYA,12
MALE,BLACK NON HISPANIC,DOMINIC,17
MALE,HISPANIC,DOMINICK,16
MALE,BLACK NON HISPANIC,DONOVAN,10
MALE,WHITE NON HISPANIC,DOV,46
MALE,WHITE NON HISPANIC,DOVID,40
FEMALE,HISPANIC,DULCE,20
MALE,BLACK NON HISPANIC,DWAYNE,14
FEMALE,WHITE NON HISPANIC,DYLAN,20
MALE,ASIAN AND PACIFIC ISLANDER,EASON,10
MALE,HISPANIC,EDDIE,12
FEMALE,WHITE NON HISPANIC,EDEN,24
MALE,HISPANIC,EDGAR,29
MALE,ASIAN AND PACIFIC ISLANDER,EDISON,14
MALE,HISPANIC,EDUARDO,45
MALE,BLACK NON HISPANIC,EDWARD,10
MALE,ASIAN AND PACIFIC ISLANDER,EDWIN,15
MALE,WHITE NON HISPANIC,EFRAIM,25
FEMALE,BLACK NON HISPANIC,EGYPT,15
FEMALE,ASIAN AND PACIFIC ISLANDER,EILEEN,18
MALE,WHITE NON HISPANIC,EITAN,14
FEMALE,ASIAN AND PACIFIC ISLANDER,ELAINE,28
FEMALE,WHITE NON HISPANIC,ELEANOR,39
FEMALE,WHITE NON HISPANIC,ELENA,19
MALE,BLACK NON HISPANIC,ELI,22
MALE,HISPANIC,ELIAN,17
FEMALE,WHITE NON HISPANIC,ELIANA,36
FEMALE,HISPANIC,ELIANNA,11
FEMALE,HISPANIC,ELIANNY,12
MALE,BLACK NON HISPANIC,ELIAS,14
MALE,WHITE NON HISPANIC,ELIEZER,38
MALE,ASIAN AND PACIFIC ISLANDER,ELIJAH,12
MALE,WHITE NON HISPANIC,ELIMELECH,16
FEMALE,ASIAN AND PACIFIC ISLANDER,ELINA,11
FEMALE,HISPANIC,ELISA,17
FEMALE,WHITE NON HISPANIC,ELISE,13
FEMALE,WHITE NON HISPANIC,ELISHEVA,14
MALE,WHITE NON HISPANIC,ELIYAHU,36
FEMALE,WHITE NON HISPANIC,ELIZA,25
FEMALE,WHITE NON HISPANIC,ELIZABETH,100
FEMALE,WHITE NON HISPANIC,ELLA,127
FEMALE,WHITE NON HISPANIC,ELLE,17
FEMALE,WHITE NON HISPANIC,ELLIANA,11
FEMALE,WHITE NON HISPANIC,ELLIE,26
MALE,WHITE NON HISPANIC,ELLIOT,33
MALE,WHITE NON HISPANIC,ELLIOTT,12
MALE,WHITE NON HISPANIC,ELLIS,10
FEMALE,WHITE NON HISPANIC,ELOISE,24
MALE,ASIAN AND PACIFIC ISLANDER,ELVIS,11
MALE,HISPANIC,EMANUEL,26
FEMALE,HISPANIC,EMELY,50
FEMALE,WHITE NON HISPANIC,EMERSON,16
FEMALE,WHITE NON HISPANIC,EMILIA,33
MALE,HISPANIC,EMILIANO,13
MALE,HISPANIC,EMILIO,21
FEMALE,WHITE NON HISPANIC,EMILY,119
FEMALE,WHITE NON HISPANIC,EMMA,213
MALE,BLACK NON HISPANIC,EMMANUEL,46
MALE,HISPANIC,ENRIQUE,14
MALE,ASIAN AND PACIFIC ISLANDER,ERIC,85
FEMALE,ASIAN AND PACIFIC ISLANDER,ERICA,19
MALE,HISPANIC,ERICK,60
MALE,HISPANIC,ERIK,18
FEMALE,ASIAN AND PACIFIC ISLANDER,ERIKA,12
FEMALE,WHITE NON HISPANIC,ERIN,15
FEMALE,ASIAN AND PACIFIC ISLANDER,ESHAL,11
FEMALE,HISPANIC,ESMERALDA,27
FEMALE,BLACK NON HISPANIC,ESSENCE,11
MALE,HISPANIC,ESTEBAN,13
FEMALE,WHITE NON HISPANIC,ESTER,14
FEMALE,WHITE NON HISPANIC,ESTHER,224
FEMALE,HISPANIC,ESTRELLA,15
FEMALE,WHITE NON HISPANIC,ESTY,18
MALE,ASIAN AND PACIFIC ISLANDER,ETHAN,177
FEMALE,WHITE NON HISPANIC,ETTY,15
FEMALE,WHITE NON HISPANIC,EVA,64
MALE,ASIAN AND PACIFIC ISLANDER,EVAN,51
FEMALE,WHITE NON HISPANIC,EVE,22
FEMALE,WHITE NON HISPANIC,EVELYN,39
MALE,HISPANIC,EZEKIEL,11
MALE,HISPANIC,EZEQUIEL,11
MALE,WHITE NON HISPANIC,EZRA,33
FEMALE,WHITE NON HISPANIC,FAIGA,16
FEMALE,WHITE NON HISPANIC,FAIGY,72
FEMALE,BLACK NON HISPANIC,FAITH,46
FEMALE,BLACK NON HISPANIC,FANTA,15
MALE,ASIAN AND PACIFIC ISLANDER,FARHAN,17
FEMALE,ASIAN AND PACIFIC ISLANDER,FATIMA,24
FEMALE,BLACK NON HISPANIC,FATOU,12
FEMALE,BLACK NON HISPANIC,FATOUMATA,51
MALE,ASIAN AND PACIFIC ISLANDER,FELIX,22
FEMALE,HISPANIC,FERNANDA,14
MALE,HISPANIC,FERNANDO,28
MALE,WHITE NON HISPANIC,FILIP,13
FEMALE,WHITE NON HISPANIC,FINLEY,11
MALE,WHITE NON HISPANIC,FINN,23
FEMALE,WHITE NON HISPANIC,FIONA,30
FEMALE,WHITE NON HISPANIC,FRADEL,16
FEMALE,WHITE NON HISPANIC,FRAIDY,26
FEMALE,WHITE NON HISPANIC,FRANCESCA,33
MALE,WHITE NON HISPANIC,FRANCESCO,19
MALE,HISPANIC,FRANCISCO,32
MALE,HISPANIC,FRANK,17
MALE,HISPANIC,FRANKLIN,14
MALE,HISPANIC,FREDDY,13
FEMALE,WHITE NON HISPANIC,FRIMET,10
MALE,ASIAN AND PACIFIC ISLANDER,GABRIEL,13
FEMALE,WHITE NON HISPANIC,GABRIELA,19
FEMALE,WHITE NON HISPANIC,GABRIELLA,102
FEMALE,WHITE NON HISPANIC,GABRIELLE,15
MALE,HISPANIC,GAEL,18
MALE,ASIAN AND PACIFIC ISLANDER,GAVIN,27
MALE,WHITE NON HISPANIC,GAVRIEL,15
FEMALE,WHITE NON HISPANIC,GEMMA,15
FEMALE,BLACK NON HISPANIC,GENESIS,15
FEMALE,WHITE NON HISPANIC,GENEVIEVE,12
MALE,ASIAN AND PACIFIC ISLANDER,GEORGE,12
FEMALE,WHITE NON HISPANIC,GEORGIA,26
FEMALE,HISPANIC,GERALDINE,13
MALE,HISPANIC,GERARDO,12
FEMALE,HISPANIC,GIA,21
FEMALE,HISPANIC,GIANNA,49
MALE,HISPANIC,GIOVANI,10
FEMALE,WHITE NON HISPANIC,GIOVANNA,10
MALE,BLACK NON HISPANIC,GIOVANNI,14
MALE,HISPANIC,GIOVANNY,13
FEMALE,HISPANIC,GISELLE,38
FEMALE,WHITE NON HISPANIC,GITTEL,23
FEMALE,WHITE NON HISPANIC,GITTY,82
FEMALE,WHITE NON HISPANIC,GIULIANA,41
FEMALE,WHITE NON HISPANIC,GOLDA,14
FEMALE,WHITE NON HISPANIC,GOLDY,33
FEMALE,HISPANIC,GRACE,36
MALE,WHITE NON HISPANIC,GRAHAM,21
MALE,WHITE NON HISPANIC,GRANT,14
MALE,WHITE NON HISPANIC,GRAYSON,19
MALE,HISPANIC,GREGORY,16
FEMALE,WHITE NON HISPANIC,GRETA,12
MALE,WHITE NON HISPANIC,GREYSON,11
MALE,WHITE NON HISPANIC,GRIFFIN,21
FEMALE,HISPANIC,GUADALUPE,26
MALE,HISPANIC,GUSTAVO,15
FEMALE,WHITE NON HISPANIC,HADASSA,11
FEMALE,WHITE NON HISPANIC,HADASSAH,15
FEMALE,HISPANIC,HAILEY,126
FEMALE,HISPANIC,HALEY,14
FEMALE,WHITE NON HISPANIC,HANNA,11
FEMALE,HISPANIC,HANNAH,17
FEMALE,BLACK NON HISPANIC,HARMONY,20
FEMALE,WHITE NON HISPANIC,HARPER,30
MALE,ASIAN AND PACIFIC ISLANDER,HARRISON,13
MALE,WHITE NON HISPANIC,HARRY,16
MALE,BLACK NON HISPANIC,HASSAN,10
FEMALE,BLACK NON HISPANIC,HAWA,15
MALE,ASIAN AND PACIFIC ISLANDER,HAYDEN,10
FEMALE,HISPANIC,HAYLEE,17
FEMALE,HISPANIC,HAYLEY,13
FEMALE,HISPANIC,HAZEL,10
FEMALE,HISPANIC,HEAVEN,15
MALE,HISPANIC,HECTOR,31
FEMALE,HISPANIC,HEIDI,15
FEMALE,HISPANIC,HEIDY,16
FEMALE,HISPANIC,HELEN,13
FEMALE,WHITE NON HISPANIC,HENNY,18
MALE,ASIAN AND PACIFIC ISLANDER,HENRY,21
MALE,WHITE NON HISPANIC,HERSH,14
MALE,WHITE NON HISPANIC,HERSHEL,24
MALE,WHITE NON HISPANIC,HERSHY,21
FEMALE,WHITE NON HISPANIC,HINDY,37
MALE,WHITE NON HISPANIC,HUDSON,53
MALE,WHITE NON HISPANIC,HUGO,11
MALE,BLACK NON HISPANIC,HUNTER,12
MALE,ASIAN AND PACIFIC ISLANDER,IAN,22
MALE,ASIAN AND PACIFIC ISLANDER,IBRAHIM,17
MALE,BLACK NON HISPANIC,IBRAHIMA,11
FEMALE,WHITE NON HISPANIC,IDY,10
MALE,HISPANIC,IKER,13
MALE,WHITE NON HISPANIC,ILAN,17
FEMALE,WHITE NON HISPANIC,ILANA,10
FEMALE,HISPANIC,IMANI,11
FEMALE,HISPANIC,INGRID,11
FEMALE,HISPANIC,IRENE,11
FEMALE,HISPANIC,IRIS,10
MALE,ASIAN AND PACIFIC ISLANDER,ISAAC,13
FEMALE,HISPANIC,ISABEL,28
FEMALE,HISPANIC,ISABELA,10
FEMALE,HISPANIC,ISABELLA,331
FEMALE,HISPANIC,ISABELLE,18
MALE,BLACK NON HISPANIC,ISAIAH,105
MALE,ASIAN AND PACIFIC ISLANDER,ISHAAN,10
MALE,BLACK NON HISPANIC,ISHMAEL,10
MALE,BLACK NON HISPANIC,ISIAH,11
FEMALE,HISPANIC,ISIS,13
FEMALE,WHITE NON HISPANIC,ISLA,14
MALE,HISPANIC,ISMAEL,17
MALE,HISPANIC,ISRAEL,22
FEMALE,HISPANIC,ITZEL,27
MALE,ASIAN AND PACIFIC ISLANDER,IVAN,66
FEMALE,WHITE NON HISPANIC,IVY,15
FEMALE,HISPANIC,IZABELLA,23
MALE,BLACK NON HISPANIC,JACE,21
MALE,ASIAN AND PACIFIC ISLANDER,JACK,21
MALE,ASIAN AND PACIFIC ISLANDER,JACKSON,13
MALE,ASIAN AND PACIFIC ISLANDER,JACKY,20
MALE,ASIAN AND PACIFIC ISLANDER,JACOB,49
FEMALE,HISPANIC,JACQUELINE,30
FEMALE,HISPANIC,JADA,21
FEMALE,HISPANIC,JADE,50
MALE,ASIAN AND PACIFIC ISLANDER,JADEN,23
MALE,HISPANIC,JADIEL,51
FEMALE,HISPANIC,JAELYNN,11
MALE,BLACK NON HISPANIC,JAHEIM,10
MALE,BLACK NON HISPANIC,JAHMIR,14
MALE,BLACK NON HISPANIC,JAIDEN,35
MALE,HISPANIC,JAIME,11
MALE,ASIAN AND PACIFIC ISLANDER,JAKE,17
MALE,BLACK NON HISPANIC,JALEN,15
FEMALE,BLACK NON HISPANIC,JALIYAH,10
MALE,BLACK NON HISPANIC,JAMAL,13
MALE,BLACK NON HISPANIC,JAMEL,13
MALE,ASIAN AND PACIFIC ISLANDER,JAMES,36
FEMALE,HISPANIC,JAMIE,11
MALE,BLACK NON HISPANIC,JAMIR,12
FEMALE,WHITE NON HISPANIC,JANE,27
FEMALE,HISPANIC,JANELLE,12
FEMALE,ASIAN AND PACIFIC ISLANDER,JANICE,14
MALE,HISPANIC,JANIEL,10
FEMALE,BLACK NON HISPANIC,JANIYA,13
FEMALE,BLACK NON HISPANIC,JANIYAH,12
FEMALE,ASIAN AND PACIFIC ISLANDER,JANNAT,13
MALE,HISPANIC,JANUEL,11
MALE,BLACK NON HISPANIC,JARED,12
MALE,HISPANIC,JARIEL,25
MALE,BLACK NON HISPANIC,JASIAH,16
FEMALE,HISPANIC,JASLENE,11
FEMALE,HISPANIC,JASMIN,20
FEMALE,HISPANIC,JASMINE,41
MALE,ASIAN AND PACIFIC ISLANDER,JASON,98
MALE,WHITE NON HISPANIC,JASPER,20
MALE,HISPANIC,JAVIER,38
MALE,ASIAN AND PACIFIC ISLANDER,JAY,14
MALE,HISPANIC,JAYCE,12
FEMALE,HISPANIC,JAYDA,10
MALE,ASIAN AND PACIFIC ISLANDER,JAYDEN,173
FEMALE,HISPANIC,JAYLA,33
FEMALE,HISPANIC,JAYLAH,12
FEMALE,HISPANIC,JAYLEEN,51
MALE,BLACK NON HISPANIC,JAYLEN,38
FEMALE,HISPANIC,JAYLENE,22
FEMALE,HISPANIC,JAYLIN,13
FEMALE,HISPANIC,JAYLYN,10
MALE,BLACK NON HISPANIC,JAYSON,14
FEMALE,HISPANIC,JAZLYN,16
FEMALE,HISPANIC,JAZMIN,24
FEMALE,HISPANIC,JAZMINE,14
MALE,HISPANIC,JEAN,38
MALE,HISPANIC,JEANCARLOS,10
MALE,HISPANIC,JEFFERSON,14
MALE,ASIAN AND PACIFIC ISLANDER,JEFFREY,25
MALE,BLACK NON HISPANIC,JELANI,11
MALE,HISPANIC,JENCARLOS,11
FEMALE,WHITE NON HISPANIC,JENNA,22
FEMALE,HISPANIC,JENNIFER,59
FEMALE,ASIAN AND PACIFIC ISLANDER,JENNY,27
MALE,BLACK NON HISPANIC,JEREMIAH,153
MALE,HISPANIC,JEREMIAS,14
MALE,ASIAN AND PACIFIC ISLANDER,JEREMY,17
MALE,BLACK NON HISPANIC,JERMAINE,16
MALE,ASIAN AND PACIFIC ISLANDER,JERRY,25
MALE,BLACK NON HISPANIC,JESSE,12
FEMALE,HISPANIC,JESSICA,46
FEMALE,ASIAN AND PACIFIC ISLANDER,JESSIE,18
MALE,HISPANIC,JESUS,70
MALE,ASIAN AND PACIFIC ISLANDER,JIA,15
FEMALE,HISPANIC,JIMENA,11
MALE,HISPANIC,JIMMY,14
FEMALE,ASIAN AND PACIFIC ISLANDER,JOANNA,38
MALE,HISPANIC,JOAQUIN,23
FEMALE,HISPANIC,JOCELYN,46
MALE,BLACK NON HISPANIC,JOEL,37
MALE,HISPANIC,JOHAN,28
MALE,HISPANIC,JOHANN,12
FEMALE,HISPANIC,JOHANNA,12
MALE,ASIAN AND PACIFIC ISLANDER,JOHN,21
MALE,HISPANIC,JOHNATHAN,16
MALE,ASIAN AND PACIFIC ISLANDER,JOHNNY,18
MALE,HISPANIC,JONAH,15
MALE,ASIAN AND PACIFIC ISLANDER,JONATHAN,50
MALE,ASIAN AND PACIFIC ISLANDER,JORDAN,23
FEMALE,WHITE NON HISPANIC,JORDYN,11
MALE,HISPANIC,JORGE,39
MALE,HISPANIC,JOSE,144
FEMALE,HISPANIC,JOSELYN,30
MALE,ASIAN AND PACIFIC ISLANDER,JOSEPH,21
FEMALE,WHITE NON HISPANIC,JOSEPHINE,33
MALE,ASIAN AND PACIFIC ISLANDER,JOSHUA,36
MALE,BLACK NON HISPANIC,JOSIAH,121
MALE,HISPANIC,JOSUE,35
FEMALE,ASIAN AND PACIFIC ISLANDER,JOY,14
FEMALE,WHITE NON HISPANIC,JOYCE,14
MALE,HISPANIC,JUAN,99
MALE,WHITE NON HISPANIC,JUDAH,34
MALE,WHITE NON HISPANIC,JUDE,13
FEMALE,HISPANIC,JULIA,22
MALE,ASIAN AND PACIFIC ISLANDER,JULIAN,11
FEMALE,HISPANIC,JULIANA,16
FEMALE,HISPANIC,JULIANNA,21
FEMALE,WHITE NON HISPANIC,JULIE,10
MALE,HISPANIC,JULIEN,14
FEMALE,HISPANIC,JULIET,20
FEMALE,HISPANIC,JULIETTE,15
MALE,HISPANIC,JULIO,27
FEMALE,HISPANIC,JULISSA,16
MALE,HISPANIC,JULIUS,26
MALE,HISPANIC,JUNIOR,18
MALE,BLACK NON HISPANIC,JUSTICE,11
MALE,ASIAN AND PACIFIC ISLANDER,JUSTIN,110
MALE,WHITE NON HISPANIC,KACPER,11
MALE,BLACK NON HISPANIC,KADEN,22
FEMALE,HISPANIC,KAELYN,11
MALE,ASIAN AND PACIFIC ISLANDER,KAI,12
MALE,BLACK NON HISPANIC,KAIDEN,28
FEMALE,HISPANIC,KAILEY,20
FEMALE,HISPANIC,KAILYN,11
FEMALE,HISPANIC,KAITLYN,31
MALE,BLACK NON HISPANIC,KALEB,18
FEMALE,BLACK NON HISPANIC,KALIYAH,14
MALE,BLACK NON HISPANIC,KAMARI,17
MALE,BLACK NON HISPANIC,KAMERON,14
FEMALE,HISPANIC,KAMILA,36
FEMALE,BLACK NON HISPANIC,KAMIYAH,10
FEMALE,HISPANIC,KAREN,41
FEMALE,HISPANIC,KARLA,25
FEMALE,HISPANIC,KATE,27
FEMALE,HISPANIC,KATELYN,23
FEMALE,HISPANIC,KATELYNN,10
FEMALE,HISPANIC,KATHERINE,60
FEMALE,WHITE NON HISPANIC,KATHRYN,12
FEMALE,HISPANIC,KATIE,12
MALE,BLACK NON HISPANIC,KAYDEN,37
FEMALE,HISPANIC,KAYLA,62
FEMALE,HISPANIC,KAYLEE,83
FEMALE,HISPANIC,KAYLEEN,19
FEMALE,HISPANIC,KAYLEIGH,10
FEMALE,HISPANIC,KAYLIE,15
FEMALE,HISPANIC,KAYLIN,12
FEMALE,HISPANIC,KEILY,17
MALE,BLACK NON HISPANIC,KEITH,12
FEMALE,HISPANIC,KELLY,41
FEMALE,BLACK NON HISPANIC,KELSEY,11
MALE,HISPANIC,KELVIN,22
FEMALE,BLACK NON HISPANIC,KENDRA,12
FEMALE,BLACK NON HISPANIC,KENNEDY,13
MALE,BLACK NON HISPANIC,KENNETH,16
MALE,HISPANIC,KENNY,20
FEMALE,BLACK NON HISPANIC,KENYA,10
MALE,ASIAN AND PACIFIC ISLANDER,KEVIN,92
FEMALE,HISPANIC,KEYLA,12
MALE,BLACK NON HISPANIC,KHALIL,19
FEMALE,HISPANIC,KHLOE,57
FEMALE,HISPANIC,KIARA,36
MALE,WHITE NON HISPANIC,KIERAN,13
FEMALE,HISPANIC,KIMBERLY,103
FEMALE,BLACK NON HISPANIC,KIMORA,23
MALE,BLACK NON HISPANIC,KING,14
MALE,ASIAN AND PACIFIC ISLANDER,KINGSLEY,36
FEMALE,WHITE NON HISPANIC,KIRA,11
MALE,BLACK NON HISPANIC,KIYAN,12
FEMALE,HISPANIC,KRYSTAL,13
FEMALE,BLACK NON HISPANIC,KYLA,12
MALE,ASIAN AND PACIFIC ISLANDER,KYLE,45
FEMALE,HISPANIC,KYLEE,10
FEMALE,HISPANIC,KYLIE,37
MALE,BLACK NON HISPANIC,KYMANI,19
FEMALE,HISPANIC,LAILA,29
MALE,BLACK NON HISPANIC,LAMAR,15
MALE,BLACK NON HISPANIC,LANDON,11
FEMALE,WHITE NON HISPANIC,LARA,13
MALE,HISPANIC,LARRY,10
FEMALE,HISPANIC,LAURA,14
FEMALE,HISPANIC,LAUREN,21
MALE,ASIAN AND PACIFIC ISLANDER,LAWRENCE,14
FEMALE,HISPANIC,LAYLA,52
MALE,WHITE NON HISPANIC,LAZER,20
FEMALE,HISPANIC,LEA,10
FEMALE,HISPANIC,LEAH,123
MALE,HISPANIC,LEANDRO,16
FEMALE,ASIAN AND PACIFIC ISLANDER,LEELA,10
FEMALE,HISPANIC,LEILA,20
FEMALE,HISPANIC,LEILANI,33
FEMALE,WHITE NON HISPANIC,LENA,29
MALE,ASIAN AND PACIFIC ISLANDER,LEO,40
MALE,ASIAN AND PACIFIC ISLANDER,LEON,17
MALE,HISPANIC,LEONARDO,55
MALE,HISPANIC,LEONEL,12
FEMALE,WHITE NON HISPANIC,LEORA,12
FEMALE,HISPANIC,LESLEY,12
FEMALE,HISPANIC,LESLIE,66
FEMALE,HISPANIC,LESLY,16
MALE,WHITE NON HISPANIC,LEV,10
MALE,BLACK NON HISPANIC,LEVI,15
FEMALE,HISPANIC,LEYLA,10
FEMALE,HISPANIC,LIA,26
MALE,ASIAN AND PACIFIC ISLANDER,LIAM,25
FEMALE,HISPANIC,LIANA,18
FEMALE,WHITE NON HISPANIC,LIBA,20
FEMALE,WHITE NON HISPANIC,LIBBY,23
FEMALE,WHITE NON HISPANIC,LILA,34
FEMALE,WHITE NON HISPANIC,LILAH,12
FEMALE,HISPANIC,LILIANA,28
FEMALE,WHITE NON HISPANIC,LILLIAN,47
FEMALE,WHITE NON HISPANIC,LILLY,13
FEMALE,HISPANIC,LILY,21
FEMALE,WHITE NON HISPANIC,LINA,13
FEMALE,HISPANIC,LINDSAY,12
MALE,WHITE NON HISPANIC,LIPA,19
FEMALE,HISPANIC,LIZBETH,30
MALE,ASIAN AND PACIFIC ISLANDER,LOGAN,19
FEMALE,WHITE NON HISPANIC,LOLA,22
FEMALE,HISPANIC,LONDON,27
FEMALE,BLACK NON HISPANIC,LONDYN,25
MALE,HISPANIC,LORENZO,14
MALE,ASIAN AND PACIFIC ISLANDER,LOUIS,10
MALE,WHITE NON HISPANIC,LUCA,71
MALE,ASIAN AND PACIFIC ISLANDER,LUCAS,103
FEMALE,HISPANIC,LUCIA,20
FEMALE,WHITE NON HISPANIC,LUCY,47
MALE,HISPANIC,LUIS,131
MALE,WHITE NON HISPANIC,LUKA,21
MALE,HISPANIC,LUKAS,11
MALE,ASIAN AND PACIFIC ISLANDER,LUKE,11
FEMALE,HISPANIC,LUNA,24
FEMALE,HISPANIC,LUZ,25
FEMALE,WHITE NON HISPANIC,LYLA,21
FEMALE,BLACK NON HISPANIC,LYRIC,13
FEMALE,WHITE NON HISPANIC,MACKENZIE,18
FEMALE,WHITE NON HISPANIC,MADELEINE,24
FEMALE,HISPANIC,MADELINE,15
FEMALE,HISPANIC,MADELYN,16
FEMALE,HISPANIC,MADISON,122
FEMALE,WHITE NON HISPANIC,MAEVE,21
FEMALE,ASIAN AND PACIFIC ISLANDER,MAGGIE,10
MALE,BLACK NON HISPANIC,MAKAI,10
FEMALE,HISPANIC,MAKAYLA,32
MALE,WHITE NON HISPANIC,MAKSIM,11
MALE,BLACK NON HISPANIC,MALACHI,72
FEMALE,WHITE NON HISPANIC,MALAK,15
MALE,BLACK NON HISPANIC,MALCOLM,11
FEMALE,BLACK NON HISPANIC,MALIA,17
MALE,BLACK NON HISPANIC,MALIK,24
FEMALE,BLACK NON HISPANIC,MALIYAH,14
FEMALE,WHITE NON HISPANIC,MALKA,63
FEMALE,WHITE NON HISPANIC,MALKY,59
MALE,BLACK NON HISPANIC,MAMADOU,27
FEMALE,ASIAN AND PACIFIC ISLANDER,MANDY,12
MALE,HISPANIC,MANUEL,31
MALE,BLACK NON HISPANIC,MARC,11
MALE,HISPANIC,MARCO,22
MALE,HISPANIC,MARCOS,29
MALE,ASIAN AND PACIFIC ISLANDER,MARCUS,20
FEMALE,WHITE NON HISPANIC,MARGARET,25
FEMALE,HISPANIC,MARIA,59
FEMALE,HISPANIC,MARIAH,33
FEMALE,WHITE NON HISPANIC,MARIAM,17
FEMALE,BLACK NON HISPANIC,MARIAMA,22
FEMALE,HISPANIC,MARIANA,12
FEMALE,HISPANIC,MARILYN,10
MALE,HISPANIC,MARIO,23
FEMALE,HISPANIC,MARISOL,10
MALE,HISPANIC,MARK,19
MALE,HISPANIC,MARLON,10
MALE,BLACK NON HISPANIC,MARQUIS,10
MALE,ASIAN AND PACIFIC ISLANDER,MARTIN,14
MALE,HISPANIC,MARVIN,16
FEMALE,WHITE NON HISPANIC,MARY,16
FEMALE,ASIAN AND PACIFIC ISLANDER,MARYAM,17
MALE,ASIAN AND PACIFIC ISLANDER,MASON,34
MALE,HISPANIC,MATEO,44
MALE,HISPANIC,MATHEW,19
MALE,HISPANIC,MATIAS,20
FEMALE,WHITE NON HISPANIC,MATILDA,14
MALE,WHITE NON HISPANIC,MATTEO,30
MALE,ASIAN AND PACIFIC ISLANDER,MATTHEW,74
MALE,BLACK NON HISPANIC,MAURICE,16
MALE,HISPANIC,MAURICIO,12
MALE,ASIAN AND PACIFIC ISLANDER,MAX,14
MALE,WHITE NON HISPANIC,MAXIM,27
MALE,WHITE NON HISPANIC,MAXIMILIAN,29
MALE,HISPANIC,MAXIMILIANO,13
MALE,HISPANIC,MAXIMO,12
MALE,HISPANIC,MAXIMUS,15
MALE,WHITE NON HISPANIC,MAXWELL,38
FEMALE,HISPANIC,MAYA,49
MALE,WHITE NON HISPANIC,MAYER,24
FEMALE,BLACK NON HISPANIC,MCKENZIE,25
FEMALE,HISPANIC,MEGAN,11
MALE,WHITE NON HISPANIC,MEILECH,11
MALE,WHITE NON HISPANIC,MEIR,47
MALE,BLACK NON HISPANIC,MEKHI,33
FEMALE,HISPANIC,MELANIE,109
FEMALE,HISPANIC,MELANY,14
FEMALE,HISPANIC,MELISSA,50
FEMALE,HISPANIC,MELODY,23
MALE,HISPANIC,MELVIN,12
MALE,WHITE NON HISPANIC,MENACHEM,103
MALE,WHITE NON HISPANIC,MENASHE,11
MALE,WHITE NON HISPANIC,MENDEL,36
MALE,WHITE NON HISPANIC,MENDY,11
MALE,BLACK NON HISPANIC,MESSIAH,23
FEMALE,HISPANIC,MIA,229
FEMALE,HISPANIC,MIAH,17
MALE,BLACK NON HISPANIC,MICAH,29
MALE,ASIAN AND PACIFIC ISLANDER,MICHAEL,38
FEMALE,WHITE NON HISPANIC,MICHAELA,15
FEMALE,WHITE NON HISPANIC,MICHAL,16
FEMALE,HISPANIC,MICHELLE,51
MALE,HISPANIC,MIGUEL,101
FEMALE,HISPANIC,MIKAELA,14
FEMALE,HISPANIC,MIKAYLA,26
MALE,HISPANIC,MIKE,17
FEMALE,HISPANIC,MILA,19
FEMALE,BLACK NON HISPANIC,MILAN,28
FEMALE,WHITE NON HISPANIC,MILENA,13
MALE,ASIAN AND PACIFIC ISLANDER,MILES,10
FEMALE,HISPANIC,MILEY,17
MALE,WHITE NON HISPANIC,MILO,20
FEMALE,ASIAN AND PACIFIC ISLANDER,MINA,12
FEMALE,WHITE NON HISPANIC,MINDY,24
FEMALE,HISPANIC,MIRANDA,11
FEMALE,WHITE NON HISPANIC,MIRI,10
FEMALE,HISPANIC,MIRIAM,11
MALE,ASIAN AND PACIFIC ISLANDER,MOHAMED,13
MALE,ASIAN AND PACIFIC ISLANDER,MOHAMMAD,46
MALE,ASIAN AND PACIFIC ISLANDER,MOHAMMED,41
MALE,HISPANIC,MOISES,18
MALE,WHITE NON HISPANIC,MOISHE,18
FEMALE,WHITE NON HISPANIC,MOLLY,36
MALE,WHITE NON HISPANIC,MORDECHAI,76
FEMALE,WHITE NON HISPANIC,MORGAN,20
MALE,WHITE NON HISPANIC,MORRIS,11
MALE,WHITE NON HISPANIC,MOSES,31
MALE,WHITE NON HISPANIC,MOSHE,224
MALE,BLACK NON HISPANIC,MOUSSA,11
MALE,ASIAN AND PACIFIC ISLANDER,MUHAMMAD,76
FEMALE,HISPANIC,MYA,29
MALE,BLACK NON HISPANIC,MYLES,15
FEMALE,HISPANIC,NADIA,14
MALE,WHITE NON HISPANIC,NAFTALI,18
MALE,WHITE NON HISPANIC,NAFTULI,18
FEMALE,BLACK NON HISPANIC,NAHLA,13
MALE,BLACK NON HISPANIC,NANA,10
FEMALE,HISPANIC,NANCY,10
FEMALE,HISPANIC,NAOMI,22
MALE,BLACK NON HISPANIC,NASIR,33
FEMALE,HISPANIC,NATALIA,50
FEMALE,HISPANIC,NATALIE,46
FEMALE,HISPANIC,NATALY,13
FEMALE,HISPANIC,NATASHA,11
FEMALE,HISPANIC,NATHALIA,10
FEMALE,HISPANIC,NATHALIE,26
FEMALE,HISPANIC,NATHALY,20
MALE,ASIAN AND PACIFIC ISLANDER,NATHAN,41
MALE,ASIAN AND PACIFIC ISLANDER,NATHANIEL,16
FEMALE,HISPANIC,NAYELI,17
FEMALE,WHITE NON HISPANIC,NECHAMA,25
MALE,BLACK NON HISPANIC,NEHEMIAH,13
MALE,ASIAN AND PACIFIC ISLANDER,NELSON,12
FEMALE,HISPANIC,NEVAEH,32
FEMALE,BLACK NON HISPANIC,NIA,38
MALE,ASIAN AND PACIFIC ISLANDER,NICHOLAS,26
MALE,WHITE NON HISPANIC,NICO,13
MALE,BLACK NON HISPANIC,NICOLAS,11
FEMALE,HISPANIC,NICOLE,71
FEMALE,WHITE NON HISPANIC,NICOLETTE,10
MALE,BLACK NON HISPANIC,NIGEL,10
MALE,WHITE NON HISPANIC,NIKOLAS,10
FEMALE,HISPANIC,NINA,11
FEMALE,WHITE NON HISPANIC,NOA,34
MALE,ASIAN AND PACIFIC ISLANDER,NOAH,19
MALE,WHITE NON HISPANIC,NOAM,11
MALE,HISPANIC,NOEL,24
FEMALE,HISPANIC,NOEMI,11
MALE,WHITE NON HISPANIC,NOLAN,11
FEMALE,WHITE NON HISPANIC,NORA,23
MALE,WHITE NON HISPANIC,NOSSON,10
FEMALE,HISPANIC,NYLA,16
FEMALE,BLACK NON HISPANIC,NYLAH,42
MALE,ASIAN AND PACIFIC ISLANDER,OLIVER,10
FEMALE,HISPANIC,OLIVIA,86
MALE,BLACK NON HISPANIC,OMAR,14
MALE,BLACK NON HISPANIC,OMARI,19
MALE,ASIAN AND PACIFIC ISLANDER,OSCAR,25
MALE,BLACK NON HISPANIC,OUSMANE,14
MALE,ASIAN AND PACIFIC ISLANDER,OWEN,27
MALE,HISPANIC,PABLO,25
FEMALE,WHITE NON HISPANIC,PAIGE,13
FEMALE,HISPANIC,PAOLA,10
FEMALE,BLACK NON HISPANIC,PARIS,32
FEMALE,WHITE NON HISPANIC,PARKER,13
MALE,ASIAN AND PACIFIC ISLANDER,PATRICK,14
MALE,HISPANIC,PAUL,16
FEMALE,WHITE NON HISPANIC,PEARL,23
MALE,HISPANIC,PEDRO,29
FEMALE,HISPANIC,PENELOPE,14
FEMALE,WHITE NON HISPANIC,PEREL,15
FEMALE,HISPANIC,PERLA,12
FEMALE,WHITE NON HISPANIC,PESSY,26
MALE,ASIAN AND PACIFIC ISLANDER,PETER,11
FEMALE,BLACK NON HISPANIC,PEYTON,20
MALE,WHITE NON HISPANIC,PHILIP,26
FEMALE,WHITE NON HISPANIC,PHOEBE,23
MALE,WHITE NON HISPANIC,PINCHAS,15
MALE,WHITE NON HISPANIC,PINCHUS,13
FEMALE,WHITE NON HISPANIC,PIPER,11
MALE,BLACK NON HISPANIC,PRESTON,19
MALE,BLACK NON HISPANIC,PRINCE,32
FEMALE,BLACK NON HISPANIC,PRINCESS,16
FEMALE,ASIAN AND PACIFIC ISLANDER,QUEENIE,15
MALE,BLACK NON HISPANIC,QUINCY,10
FEMALE,WHITE NON HISPANIC,QUINN,10
FEMALE,HISPANIC,RACHEL,25
MALE,HISPANIC,RAFAEL,31
FEMALE,ASIAN AND PACIFIC ISLANDER,RAINA,11
FEMALE,WHITE NON HISPANIC,RAIZEL,20
FEMALE,WHITE NON HISPANIC,RAIZY,51
MALE,HISPANIC,RANDY,48
MALE,WHITE NON HISPANIC,RAPHAEL,21
FEMALE,HISPANIC,RAQUEL,11
MALE,ASIAN AND PACIFIC ISLANDER,RAYAN,10
MALE,ASIAN AND PACIFIC ISLANDER,RAYMOND,27
FEMALE,HISPANIC,REBECCA,10
MALE,WHITE NON HISPANIC,REED,10
FEMALE,WHITE NON HISPANIC,REESE,13
MALE,WHITE NON HISPANIC,REID,13
FEMALE,ASIAN AND PACIFIC ISLANDER,RENEE,10
MALE,BLACK NON HISPANIC,RICARDO,10
MALE,ASIAN AND PACIFIC ISLANDER,RICHARD,26
MALE,ASIAN AND PACIFIC ISLANDER,RICKY,16
FEMALE,WHITE NON HISPANIC,RIFKA,12
FEMALE,WHITE NON HISPANIC,RIFKY,13
FEMALE,HISPANIC,RIHANNA,21
FEMALE,HISPANIC,RILEY,12
FEMALE,WHITE NON HISPANIC,RIVKA,113
FEMALE,WHITE NON HISPANIC,RIVKY,43
MALE,BLACK NON HISPANIC,ROBERT,29
MALE,HISPANIC,ROBERTO,11
MALE,WHITE NON HISPANIC,ROCCO,19
FEMALE,WHITE NON HISPANIC,ROCHEL,22
MALE,BLACK NON HISPANIC,RODNEY,10
MALE,HISPANIC,RODRIGO,15
MALE,HISPANIC,ROGER,11
MALE,ASIAN AND PACIFIC ISLANDER,ROHAN,15
FEMALE,WHITE NON HISPANIC,ROIZY,13
MALE,WHITE NON HISPANIC,ROMAN,12
MALE,HISPANIC,ROMEO,14
FEMALE,HISPANIC,ROSA,10
FEMALE,HISPANIC,ROSE,11
FEMALE,HISPANIC,ROSELYN,16
MALE,WHITE NON HISPANIC,ROWAN,12
MALE,HISPANIC,ROYCE,11
MALE,HISPANIC,RUBEN,19
FEMALE,HISPANIC,RUBY,20
FEMALE,WHITE NON HISPANIC,RUCHY,12
FEMALE,WHITE NON HISPANIC,RUTH,11
FEMALE,WHITE NON HISPANIC,RYAN,14
MALE,WHITE NON HISPANIC,RYDER,16
FEMALE,HISPANIC,SABRINA,25
FEMALE,BLACK NON HISPANIC,SADE,16
FEMALE,HISPANIC,SADIE,11
FEMALE,WHITE NON HISPANIC,SALMA,17
MALE,WHITE NON HISPANIC,SALVATORE,36
MALE,WHITE NON HISPANIC,SAM,35
FEMALE,HISPANIC,SAMANTHA,100
FEMALE,HISPANIC,SAMARA,12
MALE,WHITE NON HISPANIC,SAMIR,10
FEMALE,BLACK NON HISPANIC,SAMIYA,10
FEMALE,BLACK NON HISPANIC,SAMIYAH,18
MALE,ASIAN AND PACIFIC ISLANDER,SAMUEL,30
FEMALE,BLACK NON HISPANIC,SANAA,26
FEMALE,BLACK NON HISPANIC,SANAI,21
FEMALE,BLACK NON HISPANIC,SANIYA,13
FEMALE,BLACK NON HISPANIC,SANIYAH,13
MALE,HISPANIC,SANTIAGO,50
MALE,WHITE NON HISPANIC,SANTINO,11
FEMALE,HISPANIC,SARA,29
FEMALE,HISPANIC,SARAH,53
FEMALE,HISPANIC,SARAI,24
FEMALE,HISPANIC,SARIAH,10
FEMALE,HISPANIC,SASHA,10
FEMALE,HISPANIC,SAVANNA,10
FEMALE,HISPANIC,SAVANNAH,38
FEMALE,HISPANIC,SCARLET,29
FEMALE,HISPANIC,SCARLETT,65
MALE,ASIAN AND PACIFIC ISLANDER,SEAN,14
MALE,ASIAN AND PACIFIC ISLANDER,SEBASTIAN,14
MALE,BLACK NON HISPANIC,SEKOU,15
FEMALE,HISPANIC,SELENA,15
FEMALE,ASIAN AND PACIFIC ISLANDER,SELINA,26
FEMALE,WHITE NON HISPANIC,SERENA,16
FEMALE,HISPANIC,SERENITY,37
MALE,HISPANIC,SERGIO,13
MALE,BLACK NON HISPANIC,SETH,12
FEMALE,WHITE NON HISPANIC,SHAINA,16
FEMALE,WHITE NON HISPANIC,SHAINDEL,15
FEMALE,WHITE NON HISPANIC,SHAINDY,48
MALE,WHITE NON HISPANIC,SHALOM,11
MALE,HISPANIC,SHANE,10
FEMALE,BLACK NON HISPANIC,SHANIA,14
FEMALE,BLACK NON HISPANIC,SHANIYA,11
FEMALE,ASIAN AND PACIFIC ISLANDER,SHARON,20
MALE,WHITE NON HISPANIC,SHAUL,10
MALE,ASIAN AND PACIFIC ISLANDER,SHAWN,10
MALE,WHITE NON HISPANIC,SHAYA,26
MALE,WHITE NON HISPANIC,SHEA,16
FEMALE,HISPANIC,SHERLYN,13
FEMALE,WHITE NON HISPANIC,SHEVY,10
MALE,WHITE NON HISPANIC,SHIA,30
FEMALE,WHITE NON HISPANIC,SHIFRA,20
FEMALE,BLACK NON HISPANIC,SHILOH,15
MALE,WHITE NON HISPANIC,SHIMON,94
FEMALE,WHITE NON HISPANIC,SHIRA,22
FEMALE,HISPANIC,SHIRLEY,15
MALE,WHITE NON HISPANIC,SHLOIME,15
MALE,WHITE NON HISPANIC,SHLOIMY,13
MALE,WHITE NON HISPANIC,SHLOME,17
MALE,WHITE NON HISPANIC,SHLOMO,61
MALE,WHITE NON HISPANIC,SHMIEL,17
MALE,WHITE NON HISPANIC,SHMUEL,44
MALE,WHITE NON HISPANIC,SHNEUR,11
MALE,WHITE NON HISPANIC,SHOLOM,21
FEMALE,WHITE NON HISPANIC,SHOSHANA,22
MALE,WHITE NON HISPANIC,SHULEM,42
MALE,WHITE NON HISPANIC,SIDNEY,10
FEMALE,WHITE NON HISPANIC,SIENA,16
FEMALE,HISPANIC,SIENNA,17
MALE,WHITE NON HISPANIC,SILAS,10
FEMALE,WHITE NON HISPANIC,SIMA,19
MALE,WHITE NON HISPANIC,SIMCHA,32
FEMALE,WHITE NON HISPANIC,SIMI,10
MALE,ASIAN AND PACIFIC ISLANDER,SIMON,14
FEMALE,WHITE NON HISPANIC,SIMONE,15
MALE,BLACK NON HISPANIC,SINCERE,24
FEMALE,BLACK NON HISPANIC,SKYE,15
FEMALE,HISPANIC,SKYLA,21
FEMALE,HISPANIC,SKYLAR,12
FEMALE,WHITE NON HISPANIC,SLOANE,17
FEMALE,HISPANIC,SOFIA,165
MALE,WHITE NON HISPANIC,SOLOMON,48
FEMALE,HISPANIC,SOPHIA,223
FEMALE,HISPANIC,SOPHIE,12
FEMALE,BLACK NON HISPANIC,SORAYA,10
MALE,WHITE NON HISPANIC,SPENCER,15
FEMALE,HISPANIC,STACY,10
MALE,ASIAN AND PACIFIC ISLANDER,STANLEY,23
FEMALE,HISPANIC,STELLA,11
FEMALE,HISPANIC,STEPHANIE,50
FEMALE,HISPANIC,STEPHANY,11
MALE,BLACK NON HISPANIC,STEPHEN,10
MALE,HISPANIC,STEVE,10
MALE,ASIAN AND PACIFIC ISLANDER,STEVEN,35
FEMALE,WHITE NON HISPANIC,SUMMER,16
FEMALE,WHITE NON HISPANIC,SURI,14
FEMALE,WHITE NON HISPANIC,SURY,20
FEMALE,WHITE NON HISPANIC,SYDNEY,35
MALE,ASIAN AND PACIFIC ISLANDER,SYED,16
FEMALE,ASIAN AND PACIFIC ISLANDER,SYEDA,16
FEMALE,WHITE NON HISPANIC,SYLVIA,11
FEMALE,BLACK NON HISPANIC,SYMPHONY,13
FEMALE,BLACK NON HISPANIC,TABITHA,10
FEMALE,WHITE NON HISPANIC,TALIA,26
FEMALE,WHITE NON HISPANIC,TAMAR,11
FEMALE,BLACK NON HISPANIC,TAMIA,17
FEMALE,ASIAN AND PACIFIC ISLANDER,TANISHA,10
FEMALE,BLACK NON HISPANIC,TARAJI,12
FEMALE,HISPANIC,TATIANA,11
FEMALE,HISPANIC,TAYLOR,13
MALE,ASIAN AND PACIFIC ISLANDER,TENZIN,24
MALE,BLACK NON HISPANIC,TERRELL,10
MALE,BLACK NON HISPANIC,TERRENCE,11
MALE,ASIAN AND PACIFIC ISLANDER,TERRY,11
FEMALE,WHITE NON HISPANIC,TESSA,14
MALE,WHITE NON HISPANIC,THEODORE,53
MALE,ASIAN AND PACIFIC ISLANDER,THOMAS,18
FEMALE,HISPANIC,TIANA,11
FEMALE,BLACK NON HISPANIC,TIANNA,13
FEMALE,HISPANIC,TIFFANY,24
MALE,ASIAN AND PACIFIC ISLANDER,TIMOTHY,16
FEMALE,ASIAN AND PACIFIC ISLANDER,TINA,14
FEMALE,WHITE NON HISPANIC,TOBY,39
MALE,HISPANIC,TOMAS,10
MALE,ASIAN AND PACIFIC ISLANDER,TONY,16
FEMALE,BLACK NON HISPANIC,TORI,16
MALE,ASIAN AND PACIFIC ISLANDER,TRAVIS,11
FEMALE,BLACK NON HISPANIC,TRINITY,28
MALE,BLACK NON HISPANIC,TRISTAN,58
MALE,BLACK NON HISPANIC,TROY,13
MALE,ASIAN AND PACIFIC ISLANDER,TYLER,31
FEMALE,WHITE NON HISPANIC,TZIPORA,12
FEMALE,WHITE NON HISPANIC,TZIPORAH,10
FEMALE,WHITE NON HISPANIC,TZIPPY,10
FEMALE,WHITE NON HISPANIC,TZIVIA,14
MALE,WHITE NON HISPANIC,TZVI,41
MALE,HISPANIC,URIEL,21
MALE,WHITE NON HISPANIC,USHER,29
FEMALE,HISPANIC,VALENTINA,85
FEMALE,HISPANIC,VALERIA,45
FEMALE,HISPANIC,VALERIE,53
FEMALE,HISPANIC,VANESSA,42
FEMALE,WHITE NON HISPANIC,VERA,19
FEMALE,HISPANIC,VERONICA,10
FEMALE,WHITE NON HISPANIC,VERONIKA,11
FEMALE,ASIAN AND PACIFIC ISLANDER,VICKY,32
MALE,ASIAN AND PACIFIC ISLANDER,VICTOR,17
FEMALE,HISPANIC,VICTORIA,114
MALE,ASIAN AND PACIFIC ISLANDER,VINCENT,71
MALE,WHITE NON HISPANIC,VINCENZO,13
FEMALE,HISPANIC,VIOLET,14
FEMALE,WHITE NON HISPANIC,VIVIAN,30
FEMALE,HISPANIC,VIVIANA,11
FEMALE,WHITE NON HISPANIC,VIVIENNE,21
FEMALE,HISPANIC,WENDY,12
MALE,WHITE NON HISPANIC,WESLEY,10
FEMALE,WHITE NON HISPANIC,WILLA,13
MALE,ASIAN AND PACIFIC ISLANDER,WILLIAM,66
MALE,ASIAN AND PACIFIC ISLANDER,WILSON,23
FEMALE,ASIAN AND PACIFIC ISLANDER,WINNIE,25
MALE,WHITE NON HISPANIC,WYATT,25
MALE,ASIAN AND PACIFIC ISLANDER,XAVIER,10
FEMALE,HISPANIC,XIMENA,18
FEMALE,ASIAN AND PACIFIC ISLANDER,XIN,18
MALE,WHITE NON HISPANIC,YAAKOV,45
FEMALE,WHITE NON HISPANIC,YACHET,13
MALE,HISPANIC,YADIEL,25
FEMALE,WHITE NON HISPANIC,YAEL,21
MALE,HISPANIC,YAHIR,16
MALE,HISPANIC,YAIR,10
MALE,WHITE NON HISPANIC,YAKOV,60
FEMALE,HISPANIC,YAMILET,11
MALE,HISPANIC,YANDEL,12
MALE,HISPANIC,YANIEL,10
FEMALE,HISPANIC,YARETZI,22
MALE,HISPANIC,YARIEL,12
MALE,WHITE NON HISPANIC,YASEEN,11
FEMALE,WHITE NON HISPANIC,YASMINE,10
MALE,WHITE NON HISPANIC,YECHEZKEL,11
MALE,WHITE NON HISPANIC,YECHIEL,27
MALE,WHITE NON HISPANIC,YEHOSHUA,22
MALE,WHITE NON HISPANIC,YEHUDA,74
MALE,WHITE NON HISPANIC,YEHUDAH,10
FEMALE,WHITE NON HISPANIC,YEHUDIS,23
MALE,HISPANIC,YERIK,13
MALE,WHITE NON HISPANIC,YIDA,13
MALE,WHITE NON HISPANIC,YIDEL,11
FEMALE,WHITE NON HISPANIC,YIDES,25
MALE,WHITE NON HISPANIC,YISRAEL,14
MALE,WHITE NON HISPANIC,YISROEL,75
FEMALE,WHITE NON HISPANIC,YITTY,32
MALE,WHITE NON HISPANIC,YITZCHAK,17
MALE,WHITE NON HISPANIC,YITZCHOK,56
FEMALE,WHITE NON HISPANIC,YOCHEVED,20
MALE,WHITE NON HISPANIC,YOEL,20
MALE,WHITE NON HISPANIC,YONAH,10
MALE,WHITE NON HISPANIC,YOSEF,102
MALE,WHITE NON HISPANIC,YOUSEF,12
MALE,WHITE NON HISPANIC,YOUSSEF,11
FEMALE,ASIAN AND PACIFIC ISLANDER,YU,13
MALE,ASIAN AND PACIFIC ISLANDER,ZACHARY,12
FEMALE,BLACK NON HISPANIC,ZAHARA,10
FEMALE,ASIAN AND PACIFIC ISLANDER,ZAHRA,19
MALE,ASIAN AND PACIFIC ISLANDER,ZAIN,12
FEMALE,ASIAN AND PACIFIC ISLANDER,ZAINAB,23
MALE,BLACK NON HISPANIC,ZAIRE,19
MALE,WHITE NON HISPANIC,ZALMEN,14
FEMALE,BLACK NON HISPANIC,ZANIYAH,10
FEMALE,ASIAN AND PACIFIC ISLANDER,ZARA,14
FEMALE,BLACK NON HISPANIC,ZARIA,13
FEMALE,BLACK NON HISPANIC,ZARIAH,14
MALE,ASIAN AND PACIFIC ISLANDER,ZAYAN,10
MALE,WHITE NON HISPANIC,ZEV,47
MALE,BLACK NON HISPANIC,ZION,35
FEMALE,WHITE NON HISPANIC,ZISSY,25
FEMALE,HISPANIC,ZOE,65
FEMALE,HISPANIC,ZOEY,27
FEMALE,BLACK NON HISPANIC,ZURI,10
MALE,BLACK NON HISPANIC,ZYAIRE,14